{"resourceType":"CodeSystem","id":"ndhm-identifier-type-code","text":{"status":"generated","div":"<div xmlns=\"http://www.w3.org/1999/xhtml\"><p>This case-sensitive code system <code>https://nrces.in/ndhm/fhir/r4/CodeSystem/ndhm-identifier-type-code</code> defines the following codes:</p><table class=\"codes\"><tr><td style=\"white-space:nowrap\"><b>Code</b></td><td><b>Display</b></td><td><b>Definition</b></td></tr><tr><td style=\"white-space:nowrap\">ADN<a name=\"ndhm-identifier-type-code-ADN\"> </a></td><td>Adhaar number</td><td>Aadhaar is a 12 digit individual identification number issued by the Unique Identification Authority of India</td></tr><tr><td style=\"white-space:nowrap\">DCF<a name=\"ndhm-identifier-type-code-DCF\"> </a></td><td>Domicile Certificate</td><td>It is a document that certifies a person's residential status in a particular state</td></tr><tr><td style=\"white-space:nowrap\">CCF<a name=\"ndhm-identifier-type-code-CCF\"> </a></td><td>Caste Certificate</td><td>It is a documentary proof of a person belonging to a specific caste, as categorized under the Indian Constitution</td></tr><tr><td style=\"white-space:nowrap\">SID<a name=\"ndhm-identifier-type-code-SID\"> </a></td><td>Student ID card</td><td>A student ID card can be used by students to prove their identity on a school campus and at local businesses which is athorized by Govt. recognized educational institutions with student photograph on it</td></tr><tr><td style=\"white-space:nowrap\">AL<a name=\"ndhm-identifier-type-code-AL\"> </a></td><td>Arms License</td><td>An official document granting a person permission to own and use a gun, usually subject to various restrictions.</td></tr><tr><td style=\"white-space:nowrap\">SCC<a name=\"ndhm-identifier-type-code-SCC\"> </a></td><td>Senior Citizen Card</td><td>The Senior Citizen Card issued by the Social Welfare Department provides a recognized proof of age to elders with person photograph on it</td></tr><tr><td style=\"white-space:nowrap\">PSC<a name=\"ndhm-identifier-type-code-PSC\"> </a></td><td>Pensioners Card</td><td>Pensioners Card</td></tr><tr><td style=\"white-space:nowrap\">FF<a name=\"ndhm-identifier-type-code-FF\"> </a></td><td>Freedom Fighter Card having photo</td><td>This is issue to person who participate in the freedom struggle it is issued by Govt. with person photo on card</td></tr><tr><td style=\"white-space:nowrap\">KP<a name=\"ndhm-identifier-type-code-KP\"> </a></td><td>Kissan Passbook</td><td>Passbook issued to kissan which having kissan's photo</td></tr><tr><td style=\"white-space:nowrap\">NIN<a name=\"ndhm-identifier-type-code-NIN\"> </a></td><td>National Identification Number (NIN)</td><td>A national identification number is used by the governments of many countries as a means of tracking their citizens, permanent residents, and temporary residents for the purposes of work, taxation, government benefits, health care, and other governmentally-related functions.</td></tr><tr><td style=\"white-space:nowrap\">NHRR<a name=\"ndhm-identifier-type-code-NHRR\"> </a></td><td>National Health Resource Repository (NHRR) ID</td><td>National Health Resource Repository (NHRR) ID</td></tr><tr><td style=\"white-space:nowrap\">PMJAY<a name=\"ndhm-identifier-type-code-PMJAY\"> </a></td><td>Pradhan Mantri Jan Aarogya Yojana (PMJAY) ID</td><td>Ayushman Bharat National Health Protection Mission Id (AB-PMJAY ID) is also a parameter which enables identifying a beneficiary family. This search will only be available to find the family of a beneficiary who has already verified and PMJAY ID has been generated by the system.</td></tr><tr><td style=\"white-space:nowrap\">ROHINI<a name=\"ndhm-identifier-type-code-ROHINI\"> </a></td><td>Registry of Hospitals in Network of Insurance (ROHINI) ID</td><td>ROHINI (Registry of Hospitals in Network of Insurance) is a registry of unique hospitals in the Health Insurers and Third Party Administrators (TPAs) network, in India</td></tr><tr><td style=\"white-space:nowrap\">ABHA<a name=\"ndhm-identifier-type-code-ABHA\"> </a></td><td>Ayushman Bharat Health Account (ABHA) ID</td><td>ABHA (Ayushman Bharat Health Account) Address is a unique identifier (self declared username) that enables you to share and access your health records digitally.</td></tr><tr><td style=\"white-space:nowrap\">CGHS<a name=\"ndhm-identifier-type-code-CGHS\"> </a></td><td>Central Government Health Scheme (CGHS) ID</td><td>The Central Government Health Scheme (CGHS) gives a plastic card called the CGHS card to all beneficiaries. The card comes with a unique ID and a photo</td></tr><tr><td style=\"white-space:nowrap\">ECHS<a name=\"ndhm-identifier-type-code-ECHS\"> </a></td><td>Ex-servicemen Contributory Health Scheme (ECHS) ID</td><td>An ECHS member who possesses a valid Smart Card can avail of treatment at any ECHS polyclinic any where in India.</td></tr><tr><td style=\"white-space:nowrap\">HPID<a name=\"ndhm-identifier-type-code-HPID\"> </a></td><td>Healthcare Professional ID (HPID)</td><td>Every name visible to the public is certified and authorized to practice medicine in the country.</td></tr><tr><td style=\"white-space:nowrap\">RCN<a name=\"ndhm-identifier-type-code-RCN\"> </a></td><td>Ration Card Number</td><td>A Ration Card number is a 10 digit unique numerical figure assigned to every Indian citizen who is the holder of it.</td></tr><tr><td style=\"white-space:nowrap\">VID<a name=\"ndhm-identifier-type-code-VID\"> </a></td><td>Voter ID</td><td>The Indian Voter ID Card is an identity document issued by the Election Commission of India to adult domiciles of India who have reached the age of 18, which primarily serves as an identity proof for Indian citizens while casting their ballot in the country's municipal, state, and national elections</td></tr><tr><td style=\"white-space:nowrap\">BPL<a name=\"ndhm-identifier-type-code-BPL\"> </a></td><td>BPL Card Number</td><td>Families that have BPL cards are the ones who are living below the poverty line as specified by the state government</td></tr><tr><td style=\"white-space:nowrap\">BIC<a name=\"ndhm-identifier-type-code-BIC\"> </a></td><td>Border ID card</td><td>Border ID card</td></tr><tr><td style=\"white-space:nowrap\">SLR<a name=\"ndhm-identifier-type-code-SLR\"> </a></td><td>Sri Lankan Refugees Identity Card</td><td>Sri Lankan Refugees Identity Card</td></tr><tr><td style=\"white-space:nowrap\">TRC<a name=\"ndhm-identifier-type-code-TRC\"> </a></td><td>Tibetan Refugee Card</td><td>Tibetan Refugee Card</td></tr><tr><td style=\"white-space:nowrap\">OIN<a name=\"ndhm-identifier-type-code-OIN\"> </a></td><td>Other identifier</td><td>Any other number, code, or other identifier that may be assigned to an individual under a law made by parliament or any state legislature</td></tr><tr><td style=\"white-space:nowrap\">HIN<a name=\"ndhm-identifier-type-code-HIN\"> </a></td><td>Health ID issued by NDHM</td><td>a 14 digit number that will uniquely identify you as a participant in India's digital healthcare ecosystem</td></tr><tr><td style=\"white-space:nowrap\">HPIN<a name=\"ndhm-identifier-type-code-HPIN\"> </a></td><td>Health Practitioner ID issued by NDHM</td><td>Health Practitioner ID issued by NDHM</td></tr><tr><td style=\"white-space:nowrap\">ODN<a name=\"ndhm-identifier-type-code-ODN\"> </a></td><td>Other document</td><td>Any other identifier as may be notified by NDHM from time to time</td></tr><tr><td style=\"white-space:nowrap\">CFG<a name=\"ndhm-identifier-type-code-CFG\"> </a></td><td>Certificate of Address having Photo, issued by MP/ MLA / Group A Gazetted Officer on letter head with seal</td><td>Certificate of Address having Photo, issued by MP/ MLA / Group A Gazetted Officer on letter head with seal</td></tr><tr><td style=\"white-space:nowrap\">CFE<a name=\"ndhm-identifier-type-code-CFE\"> </a></td><td>Certificate of address with photo from Govt. recognized educational institution (for students only)</td><td>Certificate of address with photo from Govt. recognized educational institution (for students only)</td></tr><tr><td style=\"white-space:nowrap\">CFP<a name=\"ndhm-identifier-type-code-CFP\"> </a></td><td>Certificate of Address having Photo, issued by Head of Village / Gram Panchayat or its equivalent Authority. (for Rural Areas)</td><td>Certificate of Address having Photo, issued by Head of Village / Gram Panchayat or its equivalent Authority. (for Rural Areas)</td></tr><tr><td style=\"white-space:nowrap\">IGA<a name=\"ndhm-identifier-type-code-IGA\"> </a></td><td>Identifier(s) assigned by central/state or local Government authority</td><td>Identifier(s) assigned by central/state or local Government authority</td></tr><tr><td style=\"white-space:nowrap\">CFUA<a name=\"ndhm-identifier-type-code-CFUA\"> </a></td><td>Defence Personnel - Armed Forces ;Certificate from Competent Unit Authority</td><td>Defence Personnel - Armed Forces ;Certificate from Competent Unit Authority</td></tr><tr><td style=\"white-space:nowrap\">CFC<a name=\"ndhm-identifier-type-code-CFC\"> </a></td><td>Fresh Certificate carrying the identity and address of the person(s) concerned issued by the Lt. Colonel</td><td>Fresh Certificate carrying the identity and address of the person(s) concerned issued by the Lt. Colonel.</td></tr><tr><td style=\"white-space:nowrap\">HSN<a name=\"ndhm-identifier-type-code-HSN\"> </a></td><td>Harmonized System of Nomenclature</td><td>HSN code is used to classify goods from all over the World in a systematic and logical manner.</td></tr></table></div>"},"url":"https://nrces.in/ndhm/fhir/r4/CodeSystem/ndhm-identifier-type-code","version":"6.0.0","name":"IdentifierTypeCode","title":"Identifier Type Code","status":"draft","experimental":false,"date":"2022-07-14","publisher":"National Resource Center for EHR Standards","contact":[{"telecom":[{"system":"url","value":"http://nrces.in/"}]}],"description":"This CodeSystem contains coded type for an identifier that can be used to determine which identifier to use for a specific purpose","jurisdiction":[{"coding":[{"system":"urn:iso:std:iso:3166","code":"IN"}]}],"caseSensitive":true,"content":"complete","concept":[{"code":"ADN","display":"Adhaar number","definition":"Aadhaar is a 12 digit individual identification number issued by the Unique Identification Authority of India"},{"code":"DCF","display":"Domicile Certificate","definition":"It is a document that certifies a person's residential status in a particular state"},{"code":"CCF","display":"Caste Certificate","definition":"It is a documentary proof of a person belonging to a specific caste, as categorized under the Indian Constitution"},{"code":"SID","display":"Student ID card","definition":"A student ID card can be used by students to prove their identity on a school campus and at local businesses which is athorized by Govt. recognized educational institutions with student photograph on it"},{"code":"AL","display":"Arms License","definition":"An official document granting a person permission to own and use a gun, usually subject to various restrictions."},{"code":"SCC","display":"Senior Citizen Card","definition":"The Senior Citizen Card issued by the Social Welfare Department provides a recognized proof of age to elders with person photograph on it"},{"code":"PSC","display":"Pensioners Card","definition":"Pensioners Card"},{"code":"FF","display":"Freedom Fighter Card having photo","definition":"This is issue to person who participate in the freedom struggle it is issued by Govt. with person photo on card"},{"code":"KP","display":"Kissan Passbook","definition":"Passbook issued to kissan which having kissan's photo"},{"code":"NIN","display":"National Identification Number (NIN)","definition":"A national identification number is used by the governments of many countries as a means of tracking their citizens, permanent residents, and temporary residents for the purposes of work, taxation, government benefits, health care, and other governmentally-related functions."},{"code":"NHRR","display":"National Health Resource Repository (NHRR) ID","definition":"National Health Resource Repository (NHRR) ID"},{"code":"PMJAY","display":"Pradhan Mantri Jan Aarogya Yojana (PMJAY) ID","definition":"Ayushman Bharat National Health Protection Mission Id (AB-PMJAY ID) is also a parameter which enables identifying a beneficiary family. This search will only be available to find the family of a beneficiary who has already verified and PMJAY ID has been generated by the system."},{"code":"ROHINI","display":"Registry of Hospitals in Network of Insurance (ROHINI) ID","definition":"ROHINI (Registry of Hospitals in Network of Insurance) is a registry of unique hospitals in the Health Insurers and Third Party Administrators (TPAs) network, in India"},{"code":"ABHA","display":"Ayushman Bharat Health Account (ABHA) ID","definition":"ABHA (Ayushman Bharat Health Account) Address is a unique identifier (self declared username) that enables you to share and access your health records digitally."},{"code":"CGHS","display":"Central Government Health Scheme (CGHS) ID","definition":"The Central Government Health Scheme (CGHS) gives a plastic card called the CGHS card to all beneficiaries. The card comes with a unique ID and a photo"},{"code":"ECHS","display":"Ex-servicemen Contributory Health Scheme (ECHS) ID","definition":"An ECHS member who possesses a valid Smart Card can avail of treatment at any ECHS polyclinic any where in India."},{"code":"HPID","display":"Healthcare Professional ID (HPID)","definition":"Every name visible to the public is certified and authorized to practice medicine in the country."},{"code":"RCN","display":"Ration Card Number","definition":"A Ration Card number is a 10 digit unique numerical figure assigned to every Indian citizen who is the holder of it."},{"code":"VID","display":"Voter ID","definition":"The Indian Voter ID Card is an identity document issued by the Election Commission of India to adult domiciles of India who have reached the age of 18, which primarily serves as an identity proof for Indian citizens while casting their ballot in the country's municipal, state, and national elections"},{"code":"BPL","display":"BPL Card Number","definition":"Families that have BPL cards are the ones who are living below the poverty line as specified by the state government"},{"code":"BIC","display":"Border ID card","definition":"Border ID card"},{"code":"SLR","display":"Sri Lankan Refugees Identity Card","definition":"Sri Lankan Refugees Identity Card"},{"code":"TRC","display":"Tibetan Refugee Card","definition":"Tibetan Refugee Card"},{"code":"OIN","display":"Other identifier","definition":"Any other number, code, or other identifier that may be assigned to an individual under a law made by parliament or any state legislature"},{"code":"HIN","display":"Health ID issued by NDHM","definition":"a 14 digit number that will uniquely identify you as a participant in India's digital healthcare ecosystem"},{"code":"HPIN","display":"Health Practitioner ID issued by NDHM","definition":"Health Practitioner ID issued by NDHM"},{"code":"ODN","display":"Other document","definition":"Any other identifier as may be notified by NDHM from time to time"},{"code":"CFG","display":"Certificate of Address having Photo, issued by MP/ MLA / Group A Gazetted Officer on letter head with seal","definition":"Certificate of Address having Photo, issued by MP/ MLA / Group A Gazetted Officer on letter head with seal"},{"code":"CFE","display":"Certificate of address with photo from Govt. recognized educational institution (for students only)","definition":"Certificate of address with photo from Govt. recognized educational institution (for students only)"},{"code":"CFP","display":"Certificate of Address having Photo, issued by Head of Village / Gram Panchayat or its equivalent Authority. (for Rural Areas)","definition":"Certificate of Address having Photo, issued by Head of Village / Gram Panchayat or its equivalent Authority. (for Rural Areas)"},{"code":"IGA","display":"Identifier(s) assigned by central/state or local Government authority","definition":"Identifier(s) assigned by central/state or local Government authority"},{"code":"CFUA","display":"Defence Personnel - Armed Forces ;Certificate from Competent Unit Authority","definition":"Defence Personnel - Armed Forces ;Certificate from Competent Unit Authority"},{"code":"CFC","display":"Fresh Certificate carrying the identity and address of the person(s) concerned issued by the Lt. Colonel","definition":"Fresh Certificate carrying the identity and address of the person(s) concerned issued by the Lt. Colonel."},{"code":"HSN","display":"Harmonized System of Nomenclature","definition":"HSN code is used to classify goods from all over the World in a systematic and logical manner."}]}