{"resourceType":"CodeSystem","id":"ndhm-supportinginfo-category","text":{"status":"generated","div":"<div xmlns=\"http://www.w3.org/1999/xhtml\"><p>This case-sensitive code system <code>https://nrces.in/ndhm/fhir/r4/CodeSystem/ndhm-supportinginfo-category</code> defines the following codes:</p><table class=\"codes\"><tr><td style=\"white-space:nowrap\"><b>Code</b></td><td><b>Display</b></td><td><b>Definition</b></td></tr><tr><td style=\"white-space:nowrap\">POI<a name=\"ndhm-supportinginfo-category-POI\"> </a></td><td>Proof of identity</td><td>Proof of identity</td></tr><tr><td style=\"white-space:nowrap\">POA<a name=\"ndhm-supportinginfo-category-POA\"> </a></td><td>Proof of address</td><td>Proof of address</td></tr><tr><td style=\"white-space:nowrap\">DOB<a name=\"ndhm-supportinginfo-category-DOB\"> </a></td><td>Proof of Date of Birth</td><td>Proof of Date of Birth</td></tr><tr><td style=\"white-space:nowrap\">POR<a name=\"ndhm-supportinginfo-category-POR\"> </a></td><td>Proof of relation</td><td>Proof of relation</td></tr><tr><td style=\"white-space:nowrap\">PHT<a name=\"ndhm-supportinginfo-category-PHT\"> </a></td><td>Photograph</td><td>Photograph</td></tr><tr><td style=\"white-space:nowrap\">BVC<a name=\"ndhm-supportinginfo-category-BVC\"> </a></td><td>Benefiaciary verification card</td><td>Benefiaciary verification card</td></tr><tr><td style=\"white-space:nowrap\">DEF<a name=\"ndhm-supportinginfo-category-DEF\"> </a></td><td>Declaration form</td><td>Declaration form</td></tr><tr><td style=\"white-space:nowrap\">SIG<a name=\"ndhm-supportinginfo-category-SIG\"> </a></td><td>Signature</td><td>Signature</td></tr><tr><td style=\"white-space:nowrap\">FCF<a name=\"ndhm-supportinginfo-category-FCF\"> </a></td><td>Filled claim form</td><td>Filled claim form</td></tr><tr><td style=\"white-space:nowrap\">CER<a name=\"ndhm-supportinginfo-category-CER\"> </a></td><td>Medical Certficate</td><td>Medical Certficate</td></tr><tr><td style=\"white-space:nowrap\">MB<a name=\"ndhm-supportinginfo-category-MB\"> </a></td><td>Medical bill</td><td>Medical bill</td></tr><tr><td style=\"white-space:nowrap\">DIA<a name=\"ndhm-supportinginfo-category-DIA\"> </a></td><td>Diagnostic report</td><td>Diagnostic report</td></tr><tr><td style=\"white-space:nowrap\">HDS<a name=\"ndhm-supportinginfo-category-HDS\"> </a></td><td>Hospital discharge summary</td><td>Hospital discharge summary</td></tr><tr><td style=\"white-space:nowrap\">REF<a name=\"ndhm-supportinginfo-category-REF\"> </a></td><td>Referal latter</td><td>Referal latter</td></tr><tr><td style=\"white-space:nowrap\">DEL<a name=\"ndhm-supportinginfo-category-DEL\"> </a></td><td>Doctor signed extention letter</td><td>Doctor signed extention letter</td></tr><tr><td style=\"white-space:nowrap\">CD<a name=\"ndhm-supportinginfo-category-CD\"> </a></td><td>Clinical document</td><td>Clinical document</td></tr><tr><td style=\"white-space:nowrap\">EID<a name=\"ndhm-supportinginfo-category-EID\"> </a></td><td>Employee id card</td><td>Employee id card</td></tr><tr><td style=\"white-space:nowrap\">FIR<a name=\"ndhm-supportinginfo-category-FIR\"> </a></td><td>FIR copy</td><td>FIR copy</td></tr><tr><td style=\"white-space:nowrap\">CIL<a name=\"ndhm-supportinginfo-category-CIL\"> </a></td><td>Claim status intimation letter</td><td>Claim status intimation letter</td></tr><tr><td style=\"white-space:nowrap\">INF<a name=\"ndhm-supportinginfo-category-INF\"> </a></td><td>Additional info related to claim ( conveying additional situation and condition information.)</td><td>Additional info related to claim ( conveying additional situation and condition information.)</td></tr><tr><td style=\"white-space:nowrap\">DIS<a name=\"ndhm-supportinginfo-category-DIS\"> </a></td><td>Discharge status and discharge to location detail</td><td>Discharge status and discharge to location detail</td></tr><tr><td style=\"white-space:nowrap\">ONS<a name=\"ndhm-supportinginfo-category-ONS\"> </a></td><td>Period, start or end dates of aspects of the Condition. (e.g. admission, discharge etc)</td><td>Period, start or end dates of aspects of the Condition. (e.g. admission, discharge etc)</td></tr><tr><td style=\"white-space:nowrap\">REL<a name=\"ndhm-supportinginfo-category-REL\"> </a></td><td>Related service</td><td>Related service</td></tr><tr><td style=\"white-space:nowrap\">EXC<a name=\"ndhm-supportinginfo-category-EXC\"> </a></td><td>Exception</td><td>Exception</td></tr><tr><td style=\"white-space:nowrap\">MAT<a name=\"ndhm-supportinginfo-category-MAT\"> </a></td><td>Materials Forwarded</td><td>Materials Forwarded</td></tr><tr><td style=\"white-space:nowrap\">ATT<a name=\"ndhm-supportinginfo-category-ATT\"> </a></td><td>Attachment</td><td>Attachment</td></tr><tr><td style=\"white-space:nowrap\">OTH<a name=\"ndhm-supportinginfo-category-OTH\"> </a></td><td>Other</td><td>Other</td></tr><tr><td style=\"white-space:nowrap\">COI<a name=\"ndhm-supportinginfo-category-COI\"> </a></td><td>Injury or accident detail</td><td>Injury or accident detail</td></tr><tr><td style=\"white-space:nowrap\">VRE<a name=\"ndhm-supportinginfo-category-VRE\"> </a></td><td>Patient Reason for Visit</td><td>Patient Reason for Visit</td></tr><tr><td style=\"white-space:nowrap\">CRD<a name=\"ndhm-supportinginfo-category-CRD\"> </a></td><td>Claim received</td><td>Claim received</td></tr><tr><td style=\"white-space:nowrap\">NMI<a name=\"ndhm-supportinginfo-category-NMI\"> </a></td><td>Claim query detail</td><td>Claim query detail</td></tr><tr><td style=\"white-space:nowrap\">TRD<a name=\"ndhm-supportinginfo-category-TRD\"> </a></td><td>Treatment detail</td><td>Treatment detail</td></tr><tr><td style=\"white-space:nowrap\">IND<a name=\"ndhm-supportinginfo-category-IND\"> </a></td><td>Indicator flag</td><td>Indicator flag</td></tr><tr><td style=\"white-space:nowrap\">IMP<a name=\"ndhm-supportinginfo-category-IMP\"> </a></td><td>Document Type - Implant</td><td>Document Type - Implant</td></tr><tr><td style=\"white-space:nowrap\">INV<a name=\"ndhm-supportinginfo-category-INV\"> </a></td><td>Document Type - Investigation</td><td>Document Type - Investigation</td></tr><tr><td style=\"white-space:nowrap\">DRUG<a name=\"ndhm-supportinginfo-category-DRUG\"> </a></td><td>Document Type - Drug</td><td>Document Type - Drug</td></tr><tr><td style=\"white-space:nowrap\">PCT<a name=\"ndhm-supportinginfo-category-PCT\"> </a></td><td>Document Type - Patient Consent</td><td>Document Type - Patient Consent</td></tr><tr><td style=\"white-space:nowrap\">DCT<a name=\"ndhm-supportinginfo-category-DCT\"> </a></td><td>Document Type - Doctor Consent</td><td>Document Type - Doctor Consent</td></tr><tr><td style=\"white-space:nowrap\">HCT<a name=\"ndhm-supportinginfo-category-HCT\"> </a></td><td>Document Type - Hospital Consent</td><td>Document Type - Hospital Consent</td></tr></table></div>"},"url":"https://nrces.in/ndhm/fhir/r4/CodeSystem/ndhm-supportinginfo-category","version":"6.0.0","name":"SupportingInfoCategory","title":"SupportingInfo Category","status":"draft","experimental":false,"date":"2022-07-14","publisher":"National Resource Center for EHR Standards","contact":[{"telecom":[{"system":"url","value":"http://nrces.in/"}]}],"description":"This CodeSystem contains classification of the information supplied for the processing of different workflows like claims etc.","jurisdiction":[{"coding":[{"system":"urn:iso:std:iso:3166","code":"IN"}]}],"caseSensitive":true,"content":"complete","concept":[{"code":"POI","display":"Proof of identity","definition":"Proof of identity"},{"code":"POA","display":"Proof of address","definition":"Proof of address"},{"code":"DOB","display":"Proof of Date of Birth","definition":"Proof of Date of Birth"},{"code":"POR","display":"Proof of relation","definition":"Proof of relation"},{"code":"PHT","display":"Photograph","definition":"Photograph"},{"code":"BVC","display":"Benefiaciary verification card","definition":"Benefiaciary verification card"},{"code":"DEF","display":"Declaration form","definition":"Declaration form"},{"code":"SIG","display":"Signature","definition":"Signature"},{"code":"FCF","display":"Filled claim form","definition":"Filled claim form"},{"code":"CER","display":"Medical Certficate","definition":"Medical Certficate"},{"code":"MB","display":"Medical bill","definition":"Medical bill"},{"code":"DIA","display":"Diagnostic report","definition":"Diagnostic report"},{"code":"HDS","display":"Hospital discharge summary","definition":"Hospital discharge summary"},{"code":"REF","display":"Referal latter","definition":"Referal latter"},{"code":"DEL","display":"Doctor signed extention letter","definition":"Doctor signed extention letter"},{"code":"CD","display":"Clinical document","definition":"Clinical document"},{"code":"EID","display":"Employee id card","definition":"Employee id card"},{"code":"FIR","display":"FIR copy","definition":"FIR copy"},{"code":"CIL","display":"Claim status intimation letter","definition":"Claim status intimation letter"},{"code":"INF","display":"Additional info related to claim ( conveying additional situation and condition information.)","definition":"Additional info related to claim ( conveying additional situation and condition information.)"},{"code":"DIS","display":"Discharge status and discharge to location detail","definition":"Discharge status and discharge to location detail"},{"code":"ONS","display":"Period, start or end dates of aspects of the Condition. (e.g. admission, discharge etc)","definition":"Period, start or end dates of aspects of the Condition. (e.g. admission, discharge etc)"},{"code":"REL","display":"Related service","definition":"Related service"},{"code":"EXC","display":"Exception","definition":"Exception"},{"code":"MAT","display":"Materials Forwarded","definition":"Materials Forwarded"},{"code":"ATT","display":"Attachment","definition":"Attachment"},{"code":"OTH","display":"Other","definition":"Other"},{"code":"COI","display":"Injury or accident detail","definition":"Injury or accident detail"},{"code":"VRE","display":"Patient Reason for Visit","definition":"Patient Reason for Visit"},{"code":"CRD","display":"Claim received","definition":"Claim received"},{"code":"NMI","display":"Claim query detail","definition":"Claim query detail"},{"code":"TRD","display":"Treatment detail","definition":"Treatment detail"},{"code":"IND","display":"Indicator flag","definition":"Indicator flag"},{"code":"IMP","display":"Document Type - Implant","definition":"Document Type - Implant"},{"code":"INV","display":"Document Type - Investigation","definition":"Document Type - Investigation"},{"code":"DRUG","display":"Document Type - Drug","definition":"Document Type - Drug"},{"code":"PCT","display":"Document Type - Patient Consent","definition":"Document Type - Patient Consent"},{"code":"DCT","display":"Document Type - Doctor Consent","definition":"Document Type - Doctor Consent"},{"code":"HCT","display":"Document Type - Hospital Consent","definition":"Document Type - Hospital Consent"}]}