{"resourceType":"CodeSystem","id":"ndhm-program-code","text":{"status":"generated","div":"<div xmlns=\"http://www.w3.org/1999/xhtml\"><p>This case-sensitive code system <code>https://nrces.in/ndhm/fhir/r4/CodeSystem/ndhm-program-code</code> defines the following codes:</p><table class=\"codes\"><tr><td style=\"white-space:nowrap\"><b>Code</b></td><td><b>Display</b></td></tr><tr><td style=\"white-space:nowrap\">ESIC<a name=\"ndhm-program-code-ESIC\"> </a></td><td>ESIC</td></tr><tr><td style=\"white-space:nowrap\">PIP<a name=\"ndhm-program-code-PIP\"> </a></td><td>Add private insurance program(PIP)</td></tr><tr><td style=\"white-space:nowrap\">CAPF<a name=\"ndhm-program-code-CAPF\"> </a></td><td>CAPF</td></tr><tr><td style=\"white-space:nowrap\">HMDG<a name=\"ndhm-program-code-HMDG\"> </a></td><td>RAN/HMDG</td></tr><tr><td style=\"white-space:nowrap\">STATE<a name=\"ndhm-program-code-STATE\"> </a></td><td>STATE SCHEMES</td></tr><tr><td style=\"white-space:nowrap\">MAA<a name=\"ndhm-program-code-MAA\"> </a></td><td>MAA (Mothers’ Absolute Affection) Programme for Infant and Young Child Feeding</td></tr><tr><td style=\"white-space:nowrap\">NIPIAC<a name=\"ndhm-program-code-NIPIAC\"> </a></td><td>National Iron Plus Initiative for Anaemia Control</td></tr><tr><td style=\"white-space:nowrap\">NVAPP<a name=\"ndhm-program-code-NVAPP\"> </a></td><td>National Vitamin A prophylaxis Programe</td></tr><tr><td style=\"white-space:nowrap\">ICDS<a name=\"ndhm-program-code-ICDS\"> </a></td><td>Integrated Child Development Services</td></tr><tr><td style=\"white-space:nowrap\">MDMP<a name=\"ndhm-program-code-MDMP\"> </a></td><td>Mid-Day Meal Programme</td></tr><tr><td style=\"white-space:nowrap\">NTEP<a name=\"ndhm-program-code-NTEP\"> </a></td><td>National Tuberculosis Elimination Programme</td></tr><tr><td style=\"white-space:nowrap\">PPP<a name=\"ndhm-program-code-PPP\"> </a></td><td>Pulse Polio Programme</td></tr><tr><td style=\"white-space:nowrap\">NPCTOD<a name=\"ndhm-program-code-NPCTOD\"> </a></td><td>National Programme for Control Treatment of Occupational Diseases</td></tr><tr><td style=\"white-space:nowrap\">PMNDP<a name=\"ndhm-program-code-PMNDP\"> </a></td><td>Pradhan Mantri National Dialysis Programme</td></tr><tr><td style=\"white-space:nowrap\">LaQshya<a name=\"ndhm-program-code-LaQshya\"> </a></td><td>LaQshya’ programme (Labour Room Quality Improvement Initiative)</td></tr><tr><td style=\"white-space:nowrap\">NHM<a name=\"ndhm-program-code-NHM\"> </a></td><td>National Health Mission</td></tr><tr><td style=\"white-space:nowrap\">PM-ABHIM<a name=\"ndhm-program-code-PM-ABHIM\"> </a></td><td>PM Ayushman Bharat Health Infrastructure Mission</td></tr><tr><td style=\"white-space:nowrap\">PHI<a name=\"ndhm-program-code-PHI\"> </a></td><td>Private Health Insurance</td></tr><tr><td style=\"white-space:nowrap\">AB-PMJAY<a name=\"ndhm-program-code-AB-PMJAY\"> </a></td><td>Ayushman Bharat Pradhan Mantri Jan Arogya Yojana (AB-PMJAY)</td></tr><tr><td style=\"white-space:nowrap\">CGHS<a name=\"ndhm-program-code-CGHS\"> </a></td><td>Central Government Health Scheme (CGHS)</td></tr><tr><td style=\"white-space:nowrap\">ECHS<a name=\"ndhm-program-code-ECHS\"> </a></td><td>Ex-Servicemen Contributory Health Scheme(ECHS)</td></tr><tr><td style=\"white-space:nowrap\">JSSK<a name=\"ndhm-program-code-JSSK\"> </a></td><td>Janani Shishu Suraksha Karyakaram</td></tr><tr><td style=\"white-space:nowrap\">RKSK<a name=\"ndhm-program-code-RKSK\"> </a></td><td>Rashtriya Kishor Swasthya Karyakram</td></tr><tr><td style=\"white-space:nowrap\">RBSK<a name=\"ndhm-program-code-RBSK\"> </a></td><td>Rashtriya Bal SwasthyaKaryakram</td></tr><tr><td style=\"white-space:nowrap\">JSY<a name=\"ndhm-program-code-JSY\"> </a></td><td>Janani Suraksha Yojana</td></tr><tr><td style=\"white-space:nowrap\">PMSMA<a name=\"ndhm-program-code-PMSMA\"> </a></td><td>Pradhan Mantri Surakshit Matritva Abhiyan</td></tr><tr><td style=\"white-space:nowrap\">NSSK<a name=\"ndhm-program-code-NSSK\"> </a></td><td>NavjaatShishu Suraksha Karyakram</td></tr><tr><td style=\"white-space:nowrap\">NPPCF<a name=\"ndhm-program-code-NPPCF\"> </a></td><td>National Programme for Prevention and Control of Fluorosis</td></tr><tr><td style=\"white-space:nowrap\">IDSP<a name=\"ndhm-program-code-IDSP\"> </a></td><td>Integrated Disease Surveillance Programme</td></tr><tr><td style=\"white-space:nowrap\">NLEP<a name=\"ndhm-program-code-NLEP\"> </a></td><td>National Leprosy Eradication Programme</td></tr><tr><td style=\"white-space:nowrap\">NCVBDCP<a name=\"ndhm-program-code-NCVBDCP\"> </a></td><td>National Centre for Vector Borne Diseases Control Progarmme</td></tr><tr><td style=\"white-space:nowrap\">PPCL<a name=\"ndhm-program-code-PPCL\"> </a></td><td>Programme for Prevention and Control of leptospirosis</td></tr><tr><td style=\"white-space:nowrap\">NACP<a name=\"ndhm-program-code-NACP\"> </a></td><td>National AIDS Control Programme</td></tr><tr><td style=\"white-space:nowrap\">NVHCP<a name=\"ndhm-program-code-NVHCP\"> </a></td><td>National Viral Hepatitis Control Program</td></tr><tr><td style=\"white-space:nowrap\">NRCP<a name=\"ndhm-program-code-NRCP\"> </a></td><td>National Rabies Control Programme</td></tr><tr><td style=\"white-space:nowrap\">AMR<a name=\"ndhm-program-code-AMR\"> </a></td><td>National Programme on Containment of Anti-Microbial Resistance</td></tr><tr><td style=\"white-space:nowrap\">NTCP<a name=\"ndhm-program-code-NTCP\"> </a></td><td>National Tobacco Control Programme</td></tr><tr><td style=\"white-space:nowrap\">NPCDCS<a name=\"ndhm-program-code-NPCDCS\"> </a></td><td>National Programme for Prevention and Control of Cancer, Diabetes, Cardiovascular Diseases &amp; Stroke</td></tr><tr><td style=\"white-space:nowrap\">NPPCD<a name=\"ndhm-program-code-NPPCD\"> </a></td><td>National Programme for Prevention and Control of Deafness</td></tr><tr><td style=\"white-space:nowrap\">NMHP<a name=\"ndhm-program-code-NMHP\"> </a></td><td>National Mental Health Programme</td></tr><tr><td style=\"white-space:nowrap\">NPCBVI<a name=\"ndhm-program-code-NPCBVI\"> </a></td><td>National Programme for Control of Blindness&amp; Visual Impairment</td></tr><tr><td style=\"white-space:nowrap\">NPHCE<a name=\"ndhm-program-code-NPHCE\"> </a></td><td>National Programme for the Health Care for the Elderly</td></tr><tr><td style=\"white-space:nowrap\">NPPMBI<a name=\"ndhm-program-code-NPPMBI\"> </a></td><td>National Programme for Prevention &amp; Management of Burn Injuries</td></tr><tr><td style=\"white-space:nowrap\">NOHP<a name=\"ndhm-program-code-NOHP\"> </a></td><td>National Oral Health programme</td></tr><tr><td style=\"white-space:nowrap\">NPCCHH<a name=\"ndhm-program-code-NPCCHH\"> </a></td><td>National Programme on Climate Change &amp; Human Health</td></tr><tr><td style=\"white-space:nowrap\">ABY<a name=\"ndhm-program-code-ABY\"> </a></td><td>Ayushman Bharat Yojana</td></tr><tr><td style=\"white-space:nowrap\">PMSSY<a name=\"ndhm-program-code-PMSSY\"> </a></td><td>Pradhan Mantri Swasthya Suraksha Yojana</td></tr><tr><td style=\"white-space:nowrap\">ABDM<a name=\"ndhm-program-code-ABDM\"> </a></td><td>Ayushman Bharat Digital Mission</td></tr><tr><td style=\"white-space:nowrap\">NPPC<a name=\"ndhm-program-code-NPPC\"> </a></td><td>National Programme for Palliative Care</td></tr><tr><td style=\"white-space:nowrap\">OTH<a name=\"ndhm-program-code-OTH\"> </a></td><td>Other</td></tr></table></div>"},"url":"https://nrces.in/ndhm/fhir/r4/CodeSystem/ndhm-program-code","version":"6.0.0","name":"ProgramCode","title":"Program Code","status":"draft","experimental":false,"date":"2022-07-14","publisher":"National Resource Center for EHR Standards","contact":[{"telecom":[{"system":"url","value":"http://nrces.in/"}]}],"description":" This CodeSystem contains set of codes that can be used to classify groupings of service-types/specialties","jurisdiction":[{"coding":[{"system":"urn:iso:std:iso:3166","code":"IN"}]}],"caseSensitive":true,"content":"complete","concept":[{"code":"ESIC","display":"ESIC"},{"code":"PIP","display":"Add private insurance program(PIP)"},{"code":"CAPF","display":"CAPF"},{"code":"HMDG","display":"RAN/HMDG"},{"code":"STATE","display":"STATE SCHEMES"},{"code":"MAA","display":"MAA (Mothers’ Absolute Affection) Programme for Infant and Young Child Feeding"},{"code":"NIPIAC","display":"National Iron Plus Initiative for Anaemia Control"},{"code":"NVAPP","display":"National Vitamin A prophylaxis Programe"},{"code":"ICDS","display":"Integrated Child Development Services"},{"code":"MDMP","display":"Mid-Day Meal Programme"},{"code":"NTEP","display":"National Tuberculosis Elimination Programme"},{"code":"PPP","display":"Pulse Polio Programme"},{"code":"NPCTOD","display":"National Programme for Control Treatment of Occupational Diseases"},{"code":"PMNDP","display":"Pradhan Mantri National Dialysis Programme"},{"code":"LaQshya","display":"LaQshya’ programme (Labour Room Quality Improvement Initiative)"},{"code":"NHM","display":"National Health Mission"},{"code":"PM-ABHIM","display":"PM Ayushman Bharat Health Infrastructure Mission"},{"code":"PHI","display":"Private Health Insurance"},{"code":"AB-PMJAY","display":"Ayushman Bharat Pradhan Mantri Jan Arogya Yojana (AB-PMJAY)"},{"code":"CGHS","display":"Central Government Health Scheme (CGHS)"},{"code":"ECHS","display":"Ex-Servicemen Contributory Health Scheme(ECHS)"},{"code":"JSSK","display":"Janani Shishu Suraksha Karyakaram"},{"code":"RKSK","display":"Rashtriya Kishor Swasthya Karyakram"},{"code":"RBSK","display":"Rashtriya Bal SwasthyaKaryakram"},{"code":"JSY","display":"Janani Suraksha Yojana"},{"code":"PMSMA","display":"Pradhan Mantri Surakshit Matritva Abhiyan"},{"code":"NSSK","display":"NavjaatShishu Suraksha Karyakram"},{"code":"NPPCF","display":"National Programme for Prevention and Control of Fluorosis"},{"code":"IDSP","display":"Integrated Disease Surveillance Programme"},{"code":"NLEP","display":"National Leprosy Eradication Programme"},{"code":"NCVBDCP","display":"National Centre for Vector Borne Diseases Control Progarmme"},{"code":"PPCL","display":"Programme for Prevention and Control of leptospirosis"},{"code":"NACP","display":"National AIDS Control Programme"},{"code":"NVHCP","display":"National Viral Hepatitis Control Program"},{"code":"NRCP","display":"National Rabies Control Programme"},{"code":"AMR","display":"National Programme on Containment of Anti-Microbial Resistance"},{"code":"NTCP","display":"National Tobacco Control Programme"},{"code":"NPCDCS","display":"National Programme for Prevention and Control of Cancer, Diabetes, Cardiovascular Diseases & Stroke"},{"code":"NPPCD","display":"National Programme for Prevention and Control of Deafness"},{"code":"NMHP","display":"National Mental Health Programme"},{"code":"NPCBVI","display":"National Programme for Control of Blindness& Visual Impairment"},{"code":"NPHCE","display":"National Programme for the Health Care for the Elderly"},{"code":"NPPMBI","display":"National Programme for Prevention & Management of Burn Injuries"},{"code":"NOHP","display":"National Oral Health programme"},{"code":"NPCCHH","display":"National Programme on Climate Change & Human Health"},{"code":"ABY","display":"Ayushman Bharat Yojana"},{"code":"PMSSY","display":"Pradhan Mantri Swasthya Suraksha Yojana"},{"code":"ABDM","display":"Ayushman Bharat Digital Mission"},{"code":"NPPC","display":"National Programme for Palliative Care"},{"code":"OTH","display":"Other"}]}