{"resourceType":"CodeSystem","id":"ndhm-price-components","text":{"status":"generated","div":"<div xmlns=\"http://www.w3.org/1999/xhtml\"><p>This case-sensitive code system <code>https://nrces.in/ndhm/fhir/r4/CodeSystem/ndhm-price-components</code> defines the following codes:</p><table class=\"codes\"><tr><td style=\"white-space:nowrap\"><b>Code</b></td><td><b>Display</b></td><td><b>Definition</b></td></tr><tr><td style=\"white-space:nowrap\">00<a name=\"ndhm-price-components-00\"> </a></td><td>MRP</td><td>Maximum Retail Price (MRP) is the highest price at which a product can be sold to the end consumer. It is generally printed on the product label or packaging and includes all taxes.</td></tr><tr><td style=\"white-space:nowrap\">01<a name=\"ndhm-price-components-01\"> </a></td><td>Rate</td><td>A fixed price paid or charged.</td></tr><tr><td style=\"white-space:nowrap\">02<a name=\"ndhm-price-components-02\"> </a></td><td>Discount</td><td>A reduction made from a regular or list price.</td></tr><tr><td style=\"white-space:nowrap\">03<a name=\"ndhm-price-components-03\"> </a></td><td>CGST</td><td>Central Goods and Services Tax (CGST) subsumed all the taxes levied by the central government. For example, central excise duty, central surcharges and cess and other such central indirect taxes that were earlier applicable.</td></tr><tr><td style=\"white-space:nowrap\">04<a name=\"ndhm-price-components-04\"> </a></td><td>SGST</td><td>State Goods and Services Tax (SGST) subsumes all taxes levied by the state government, that’s, state indirect taxes. For example, VAT, sales tax, state cesses and surcharges, etc.</td></tr></table></div>"},"url":"https://nrces.in/ndhm/fhir/r4/CodeSystem/ndhm-price-components","version":"6.0.0","name":"PriceComponent","title":"Price Component","status":"draft","experimental":false,"date":"2023-08-28","publisher":"National Resource Center for EHR Standards","contact":[{"telecom":[{"system":"url","value":"http://nrces.in/"}]}],"description":"This CodeSystem contains a set of codes that can be utilized to categorize the price of item into various components.","jurisdiction":[{"coding":[{"system":"urn:iso:std:iso:3166","code":"IN"}]}],"caseSensitive":true,"content":"complete","concept":[{"code":"00","display":"MRP","definition":"Maximum Retail Price (MRP) is the highest price at which a product can be sold to the end consumer. It is generally printed on the product label or packaging and includes all taxes."},{"code":"01","display":"Rate","definition":"A fixed price paid or charged."},{"code":"02","display":"Discount","definition":"A reduction made from a regular or list price."},{"code":"03","display":"CGST","definition":"Central Goods and Services Tax (CGST) subsumed all the taxes levied by the central government. For example, central excise duty, central surcharges and cess and other such central indirect taxes that were earlier applicable."},{"code":"04","display":"SGST","definition":"State Goods and Services Tax (SGST) subsumes all taxes levied by the state government, that’s, state indirect taxes. For example, VAT, sales tax, state cesses and surcharges, etc."}]}