{"resourceType":"ValueSet","id":"ndhm-task-input-type-code","text":{"status":"generated","div":"<div xmlns=\"http://www.w3.org/1999/xhtml\"><p>This value set includes codes based on the following rules:</p><ul><li>Include all codes defined in <a href=\"CodeSystem-ndhm-task-input-type-code.html\"><code>https://nrces.in/ndhm/fhir/r4/CodeSystem/ndhm-task-input-type-code</code></a></li><li>Include all codes defined in <a href=\"http://terminology.hl7.org/5.3.0/CodeSystem-financialtaskinputtype.html\"><code>http://terminology.hl7.org/CodeSystem/financialtaskinputtype</code></a></li></ul></div>"},"url":"https://nrces.in/ndhm/fhir/r4/ValueSet/ndhm-task-input-type-code","version":"6.0.0","name":"TaskInputTypeCodes","title":"Task Input Type Codes","status":"draft","experimental":false,"date":"2023-11-28","publisher":"National Resource Center for EHR Standards","contact":[{"telecom":[{"system":"url","value":"http://nrces.in/"}]}],"description":"This ValueSet contains a set of codes that can be utilized to describe the type of input in the task resource","jurisdiction":[{"coding":[{"system":"urn:iso:std:iso:3166","code":"IN"}]}],"compose":{"include":[{"system":"https://nrces.in/ndhm/fhir/r4/CodeSystem/ndhm-task-input-type-code"},{"system":"http://terminology.hl7.org/CodeSystem/financialtaskinputtype"}]}}