{"resourceType":"ValueSet","id":"ndhm-route-of-administration","text":{"status":"generated","div":"<div xmlns=\"http://www.w3.org/1999/xhtml\"><p>This value set includes codes based on the following rules:</p><ul><li>Include codes from <a href=\"http://www.snomed.org/\"><code>http://snomed.info/sct</code></a> where concept  is-a  284009009 (Route of administration values)</li></ul><p>This value set excludes codes based on the following rules:</p><ul><li>Exclude these codes as defined in <a href=\"http://www.snomed.org/\"><code>http://snomed.info/sct</code></a><table class=\"none\"><tr><td style=\"white-space:nowrap\"><b>Code</b></td><td><b>Display</b></td></tr><tr><td><a href=\"http://snomed.info/id/284009009\">284009009</a></td><td>Route of administration value</td></tr></table></li></ul></div>"},"url":"https://nrces.in/ndhm/fhir/r4/ValueSet/ndhm-route-of-administration","version":"6.0.0","name":"RouteOfAdministration","title":"Route Of Administration","status":"draft","experimental":false,"date":"2020-08-25","publisher":"National Resource Center for EHR Standards","contact":[{"telecom":[{"system":"url","value":"http://nrces.in/"}]}],"description":"This value set contains a set of SNOMED CT codes for Route Of Administration","jurisdiction":[{"coding":[{"system":"urn:iso:std:iso:3166","code":"IN"}]}],"copyright":"This value set includes content from SNOMED CT, which is copyright © 2002+ International Health Terminology Standards Development Organisation (IHTSDO), and distributed by agreement between IHTSDO and HL7. Implementer use of SNOMED CT is not covered by this agreement","compose":{"include":[{"system":"http://snomed.info/sct","filter":[{"property":"concept","op":"is-a","value":"284009009"}]}],"exclude":[{"system":"http://snomed.info/sct","concept":[{"code":"284009009","display":"Route of administration value"}]}]}}