{"resourceType":"ValueSet","id":"ndhm-diagnostic-type","text":{"status":"generated","div":"<div xmlns=\"http://www.w3.org/1999/xhtml\"><ul><li>Include these codes as defined in <a href=\"http://www.snomed.org/\"><code>http://snomed.info/sct</code></a><table class=\"none\"><tr><td style=\"white-space:nowrap\"><b>Code</b></td><td><b>Display</b></td></tr><tr><td><a href=\"http://snomed.info/id/148006\">148006</a></td><td>Preliminary diagnosis (contextual qualifier) (qualifier value)</td></tr><tr><td><a href=\"http://snomed.info/id/47965005\">47965005</a></td><td>Differential diagnosis (contextual qualifier) (qualifier value)</td></tr><tr><td><a href=\"http://snomed.info/id/89100005\">89100005</a></td><td>Final diagnosis (discharge) (contextual qualifier) (qualifier value)</td></tr><tr><td><a href=\"http://snomed.info/id/106229004\">106229004</a></td><td>Qualifier for type of diagnosis (qualifier value)</td></tr></table></li></ul></div>"},"url":"https://nrces.in/ndhm/fhir/r4/ValueSet/ndhm-diagnostic-type","version":"6.0.0","name":"DiagnosticType","title":"Diagnostic Type","status":"draft","experimental":false,"date":"2023-07-20","publisher":"National Resource Center for EHR Standards","contact":[{"telecom":[{"system":"url","value":"http://nrces.in/"}]}],"description":"This valueset contains codes that represent the various types of diagnoses.","jurisdiction":[{"coding":[{"system":"urn:iso:std:iso:3166","code":"IN"}]}],"compose":{"include":[{"system":"http://snomed.info/sct","concept":[{"code":"148006","display":"Preliminary diagnosis (contextual qualifier) (qualifier value)"},{"code":"47965005","display":"Differential diagnosis (contextual qualifier) (qualifier value)"},{"code":"89100005","display":"Final diagnosis (discharge) (contextual qualifier) (qualifier value)"},{"code":"106229004","display":"Qualifier for type of diagnosis (qualifier value)"}]}]}}