{"resourceType":"ValueSet","id":"ndhm-related-claim-relationship-code","text":{"status":"generated","div":"<div xmlns=\"http://www.w3.org/1999/xhtml\"><p>This value set includes codes based on the following rules:</p><ul><li>Include all codes defined in <a href=\"CodeSystem-ndhm-related-claim-relationship-code.html\"><code>https://nrces.in/ndhm/fhir/r4/CodeSystem/ndhm-related-claim-relationship-code</code></a></li><li>Include all codes defined in <a href=\"http://terminology.hl7.org/5.3.0/CodeSystem-ex-relatedclaimrelationship.html\"><code>http://terminology.hl7.org/CodeSystem/ex-relatedclaimrelationship</code></a></li></ul></div>"},"url":"https://nrces.in/ndhm/fhir/r4/ValueSet/ndhm-related-claim-relationship-code","version":"6.0.0","name":"RelatedClaimRelationshipCode","title":"Related Claim Relationship Code","status":"draft","experimental":false,"date":"2023-07-05","publisher":"National Resource Center for EHR Standards","contact":[{"telecom":[{"system":"url","value":"http://nrces.in/"}]}],"description":"This ValueSet contains a set of codes that can be use to show the relationship between claims.","jurisdiction":[{"coding":[{"system":"urn:iso:std:iso:3166","code":"IN"}]}],"compose":{"include":[{"system":"https://nrces.in/ndhm/fhir/r4/CodeSystem/ndhm-related-claim-relationship-code"},{"system":"http://terminology.hl7.org/CodeSystem/ex-relatedclaimrelationship"}]}}