{"resourceType":"ValueSet","id":"ndhm-chargeitem-types","text":{"status":"generated","div":"<div xmlns=\"http://www.w3.org/1999/xhtml\"><ul><li>Include all codes defined in <a href=\"CodeSystem-ndhm-billing-codes.html\"><code>https://nrces.in/ndhm/fhir/r4/CodeSystem/ndhm-billing-codes</code></a></li></ul></div>"},"url":"https://nrces.in/ndhm/fhir/r4/ValueSet/ndhm-chargeitem-types","version":"6.0.0","name":"ChargeItemTypes","title":"ChargeItem Types","status":"draft","experimental":false,"date":"2023-08-28","publisher":"National Resource Center for EHR Standards","contact":[{"telecom":[{"system":"url","value":"http://nrces.in/"}]}],"description":"This Valueset contains codes that represent the various types of items being charged for in invoice.","jurisdiction":[{"coding":[{"system":"urn:iso:std:iso:3166","code":"IN"}]}],"copyright":"This value set includes content from SNOMED CT, which is copyright © 2002+ International Health Terminology Standards Development Organisation (IHTSDO), and distributed by agreement between IHTSDO and HL7. Implementer use of SNOMED CT is not covered by this agreement","compose":{"include":[{"system":"https://nrces.in/ndhm/fhir/r4/CodeSystem/ndhm-billing-codes"}]}}