{"resourceType":"ValueSet","id":"ndhm-coverage-type","text":{"status":"generated","div":"<div xmlns=\"http://www.w3.org/1999/xhtml\"><ul><li>Include these codes as defined in <a href=\"http://www.snomed.org/\"><code>http://snomed.info/sct</code></a><table class=\"none\"><tr><td style=\"white-space:nowrap\"><b>Code</b></td><td><b>Display</b></td></tr><tr><td><a href=\"http://snomed.info/id/737481003\">737481003</a></td><td>Inpatient care management (procedure)</td></tr><tr><td><a href=\"http://snomed.info/id/108241001\">108241001</a></td><td>Dialysis procedure (procedure)</td></tr><tr><td><a href=\"http://snomed.info/id/367336001\">367336001</a></td><td>Chemotherapy (procedure)</td></tr><tr><td><a href=\"http://snomed.info/id/713603004\">713603004</a></td><td>Advance care planning (procedure)</td></tr><tr><td><a href=\"http://snomed.info/id/710967003\">710967003</a></td><td>Management of health status after discharge from hospital (procedure)</td></tr><tr><td><a href=\"http://snomed.info/id/409972000\">409972000</a></td><td>Pre-hospital care (situation)</td></tr><tr><td><a href=\"http://snomed.info/id/51032003\">51032003</a></td><td>Hospital admission, donor for transplant organ (procedure)</td></tr><tr><td><a href=\"http://snomed.info/id/49122002\">49122002</a></td><td>Ambulance, device (physical object)</td></tr><tr><td><a href=\"http://snomed.info/id/275926002\">275926002</a></td><td>Screening - health check (procedure)</td></tr><tr><td><a href=\"http://snomed.info/id/33879002\">33879002</a></td><td>Administration of vaccine to produce active immunity (procedure)</td></tr><tr><td><a href=\"http://snomed.info/id/60689008\">60689008</a></td><td>Home care of patient (regime/therapy)</td></tr><tr><td><a href=\"http://snomed.info/id/410225009\">410225009</a></td><td>Mental health care management (procedure)</td></tr><tr><td><a href=\"http://snomed.info/id/410083007\">410083007</a></td><td>Rehabilitation therapy management (procedure)</td></tr><tr><td><a href=\"http://snomed.info/id/737492002\">737492002</a></td><td>Outpatient care management (procedure)</td></tr><tr><td><a href=\"http://snomed.info/id/15220000\">15220000</a></td><td>Laboratory test (procedure)</td></tr><tr><td><a href=\"http://snomed.info/id/763158003\">763158003</a></td><td>Medicinal product (product)</td></tr><tr><td><a href=\"http://snomed.info/id/410345004\">410345004</a></td><td>Medical/dental care case management (procedure)</td></tr><tr><td><a href=\"http://snomed.info/id/385907003\">385907003</a></td><td>Eye care management (procedure)</td></tr><tr><td><a href=\"http://snomed.info/id/737850002\">737850002</a></td><td>Day care case management (procedure)</td></tr><tr><td><a href=\"http://snomed.info/id/1259939000\">1259939000</a></td><td>Ayurveda medicine (qualifier value)</td></tr><tr><td><a href=\"http://snomed.info/id/1259938008\">1259938008</a></td><td>Homeopathic medicine (qualifier value)</td></tr><tr><td><a href=\"http://snomed.info/id/1259940003\">1259940003</a></td><td>Yoga medicine (qualifier value)</td></tr><tr><td><a href=\"http://snomed.info/id/1259218001\">1259218001</a></td><td>Unani medicine (qualifier value)</td></tr><tr><td><a href=\"http://snomed.info/id/1259219009\">1259219009</a></td><td>Siddha medicine (qualifier value)</td></tr></table></li></ul></div>"},"url":"https://nrces.in/ndhm/fhir/r4/ValueSet/ndhm-coverage-type","version":"6.0.0","name":"CoverageType","title":"Coverage Type","status":"draft","experimental":false,"date":"2023-07-05","publisher":"National Resource Center for EHR Standards","contact":[{"telecom":[{"system":"url","value":"http://nrces.in/"}]}],"description":"This ValueSet consists of a set of codes that can be utilized to categorize the insurance coverage type.  ","jurisdiction":[{"coding":[{"system":"urn:iso:std:iso:3166","code":"IN"}]}],"compose":{"include":[{"system":"http://snomed.info/sct","concept":[{"code":"737481003","display":"Inpatient care management (procedure)"},{"code":"108241001","display":"Dialysis procedure (procedure)"},{"code":"367336001","display":"Chemotherapy (procedure)"},{"code":"713603004","display":"Advance care planning (procedure)"},{"code":"710967003","display":"Management of health status after discharge from hospital (procedure)"},{"code":"409972000","display":"Pre-hospital care (situation)"},{"code":"51032003","display":"Hospital admission, donor for transplant organ (procedure)"},{"code":"49122002","display":"Ambulance, device (physical object)"},{"code":"275926002","display":"Screening - health check (procedure)"},{"code":"33879002","display":"Administration of vaccine to produce active immunity (procedure)"},{"code":"60689008","display":"Home care of patient (regime/therapy)"},{"code":"410225009","display":"Mental health care management (procedure)"},{"code":"410083007","display":"Rehabilitation therapy management (procedure)"},{"code":"737492002","display":"Outpatient care management (procedure)"},{"code":"15220000","display":"Laboratory test (procedure)"},{"code":"763158003","display":"Medicinal product (product)"},{"code":"410345004","display":"Medical/dental care case management (procedure)"},{"code":"385907003","display":"Eye care management (procedure)"},{"code":"737850002","display":"Day care case management (procedure)"},{"code":"1259939000","display":"Ayurveda medicine (qualifier value)"},{"code":"1259938008","display":"Homeopathic medicine (qualifier value)"},{"code":"1259940003","display":"Yoga medicine (qualifier value)"},{"code":"1259218001","display":"Unani medicine (qualifier value)"},{"code":"1259219009","display":"Siddha medicine (qualifier value)"}]}]}}