{"resourceType":"ValueSet","id":"ndhm-mental-status","text":{"status":"generated","div":"<div xmlns=\"http://www.w3.org/1999/xhtml\"><p>This value set includes codes based on the following rules:</p><ul><li>Include these codes as defined in <a href=\"http://www.snomed.org/\"><code>http://snomed.info/sct</code></a><table class=\"none\"><tr><td style=\"white-space:nowrap\"><b>Code</b></td><td><b>Display</b></td></tr><tr><td><a href=\"http://snomed.info/id/83765003\">83765003</a></td><td>Boredom</td></tr><tr><td><a href=\"http://snomed.info/id/45763006\">45763006</a></td><td>Demoralization</td></tr><tr><td><a href=\"http://snomed.info/id/708891002\">708891002</a></td><td>Emotionally stable</td></tr><tr><td><a href=\"http://snomed.info/id/28669007\">28669007</a></td><td>Anhedonia</td></tr><tr><td><a href=\"http://snomed.info/id/48694002\">48694002</a></td><td>Anxiety</td></tr><tr><td><a href=\"http://snomed.info/id/102893002\">102893002</a></td><td>Excitability</td></tr><tr><td><a href=\"http://snomed.info/id/225012006\">225012006</a></td><td>Feeling ashamed</td></tr><tr><td><a href=\"http://snomed.info/id/224973000\">224973000</a></td><td>Feeling frustrated</td></tr><tr><td><a href=\"http://snomed.info/id/224973000\">224973000</a></td><td>Feeling frustrated</td></tr><tr><td><a href=\"http://snomed.info/id/267076002\">267076002</a></td><td>Feeling lonely</td></tr><tr><td><a href=\"http://snomed.info/id/307048004\">307048004</a></td><td>Feeling isolated</td></tr><tr><td><a href=\"http://snomed.info/id/162190005\">162190005</a></td><td>No nervous symptoms</td></tr><tr><td><a href=\"http://snomed.info/id/225457007\">225457007</a></td><td>Feeling suicidal</td></tr><tr><td><a href=\"http://snomed.info/id/224977004\">224977004</a></td><td>Feeling upset</td></tr><tr><td><a href=\"http://snomed.info/id/271596009\">271596009</a></td><td>Mental distress</td></tr><tr><td><a href=\"http://snomed.info/id/366979004\">366979004</a></td><td>Depressed mood</td></tr><tr><td><a href=\"http://snomed.info/id/1402001\">1402001</a></td><td>Fear</td></tr><tr><td><a href=\"http://snomed.info/id/75408008\">75408008</a></td><td>Feeling angry</td></tr><tr><td><a href=\"http://snomed.info/id/55929007\">55929007</a></td><td>Feeling irritable</td></tr><tr><td><a href=\"http://snomed.info/id/112080002\">112080002</a></td><td>Cheerful mood</td></tr><tr><td><a href=\"http://snomed.info/id/225658008\">225658008</a></td><td>Mood stable</td></tr><tr><td><a href=\"http://snomed.info/id/102894008\">102894008</a></td><td>Feeling calm</td></tr><tr><td><a href=\"http://snomed.info/id/425363002\">425363002</a></td><td>Smiling</td></tr><tr><td><a href=\"http://snomed.info/id/79015004\">79015004</a></td><td>Worried</td></tr><tr><td><a href=\"http://snomed.info/id/53489000\">53489000</a></td><td>Tension</td></tr></table></li><li>Include codes from <a href=\"http://www.snomed.org/\"><code>http://snomed.info/sct</code></a> where concept  is-a  106126000 (Emotional state finding)</li></ul></div>"},"url":"https://nrces.in/ndhm/fhir/r4/ValueSet/ndhm-mental-status","version":"6.0.0","name":"MentalStatus","title":"Mental Status","status":"draft","experimental":false,"date":"2021-03-11","publisher":"National Resource Center for EHR Standards","contact":[{"telecom":[{"system":"url","value":"http://nrces.in/"}]}],"description":"This value set covers : All children (preferred term) of finding relating to Emotional state finding (finding) of the SNOMED CT","jurisdiction":[{"coding":[{"system":"urn:iso:std:iso:3166","code":"IN"}]}],"copyright":"This value set includes content from SNOMED CT, which is copyright © 2002+ International Health Terminology Standards Development Organisation (IHTSDO), and distributed by agreement between IHTSDO and HL7. Implementer use of SNOMED CT is not covered by this agreement","compose":{"include":[{"system":"http://snomed.info/sct","concept":[{"code":"83765003","display":"Boredom"},{"code":"45763006","display":"Demoralization"},{"code":"708891002","display":"Emotionally stable"},{"code":"28669007","display":"Anhedonia"},{"code":"48694002","display":"Anxiety"},{"code":"102893002","display":"Excitability"},{"code":"225012006","display":"Feeling ashamed"},{"code":"224973000","display":"Feeling frustrated"},{"code":"224973000","display":"Feeling frustrated"},{"code":"267076002","display":"Feeling lonely"},{"code":"307048004","display":"Feeling isolated"},{"code":"162190005","display":"No nervous symptoms"},{"code":"225457007","display":"Feeling suicidal"},{"code":"224977004","display":"Feeling upset"},{"code":"271596009","display":"Mental distress"},{"code":"366979004","display":"Depressed mood"},{"code":"1402001","display":"Fear"},{"code":"75408008","display":"Feeling angry"},{"code":"55929007","display":"Feeling irritable"},{"code":"112080002","display":"Cheerful mood"},{"code":"225658008","display":"Mood stable"},{"code":"102894008","display":"Feeling calm"},{"code":"425363002","display":"Smiling"},{"code":"79015004","display":"Worried"},{"code":"53489000","display":"Tension"}]},{"system":"http://snomed.info/sct","filter":[{"property":"concept","op":"is-a","value":"106126000"}]}]}}