{"resourceType":"ValueSet","id":"ndhm-benefitcategory","text":{"status":"generated","div":"<div xmlns=\"http://www.w3.org/1999/xhtml\"><ul><li>Include these codes as defined in <a href=\"http://www.snomed.org/\"><code>http://snomed.info/sct</code></a><table class=\"none\"><tr><td style=\"white-space:nowrap\"><b>Code</b></td><td><b>Display</b></td></tr><tr><td><a href=\"http://snomed.info/id/781087000\">781087000</a></td><td>Medical care</td></tr><tr><td><a href=\"http://snomed.info/id/133898004\">133898004</a></td><td>Preoperative care</td></tr><tr><td><a href=\"http://snomed.info/id/11429006\">11429006</a></td><td>Consultation</td></tr><tr><td><a href=\"http://snomed.info/id/363680008\">363680008</a></td><td>Radiographic imaging procedure</td></tr><tr><td><a href=\"http://snomed.info/id/53115007\">53115007</a></td><td>Diagnostic dental procedure</td></tr><tr><td><a href=\"http://snomed.info/id/32150000\">32150000</a></td><td>Periodontic procedure</td></tr><tr><td><a href=\"http://snomed.info/id/55670007\">55670007</a></td><td>Endodontic procedure</td></tr><tr><td><a href=\"http://snomed.info/id/281171009\">281171009</a></td><td>Maxillofacial technical (device) procedure</td></tr><tr><td><a href=\"http://snomed.info/id/79076007\">79076007</a></td><td>Prosthetic readjustment</td></tr><tr><td><a href=\"http://snomed.info/id/110461004\">110461004</a></td><td>Adjunctive care</td></tr><tr><td><a href=\"http://snomed.info/id/225362009\">225362009</a></td><td>Dental care</td></tr><tr><td><a href=\"http://snomed.info/id/103697008\">103697008</a></td><td>Patient referral for dental care</td></tr><tr><td><a href=\"http://snomed.info/id/384762007\">384762007</a></td><td>Transportation procedure</td></tr><tr><td><a href=\"http://snomed.info/id/52637005\">52637005</a></td><td>Test tube ovum fertilization</td></tr><tr><td><a href=\"http://snomed.info/id/113091000\">113091000</a></td><td>Magnetic resonance imaging</td></tr><tr><td><a href=\"http://snomed.info/id/53958007\">53958007</a></td><td>Harvesting of donor material</td></tr><tr><td><a href=\"http://snomed.info/id/271298009\">271298009</a></td><td>Organ retrieval operation</td></tr><tr><td><a href=\"http://snomed.info/id/265764009\">265764009</a></td><td>Renal dialysis</td></tr><tr><td><a href=\"http://snomed.info/id/717278002\">717278002</a></td><td>Burn care management</td></tr><tr><td><a href=\"http://snomed.info/id/50849002\">50849002</a></td><td>Emergency room admission</td></tr><tr><td><a href=\"http://snomed.info/id/310054005\">310054005</a></td><td>Infectious diseases service</td></tr><tr><td><a href=\"http://snomed.info/id/240917005\">240917005</a></td><td>Interventional radiology</td></tr><tr><td><a href=\"http://snomed.info/id/64915003\">64915003</a></td><td>Cardiac surgery procedure</td></tr><tr><td><a href=\"http://snomed.info/id/305367005\">305367005</a></td><td>Admission to gastroenterology department</td></tr><tr><td><a href=\"http://snomed.info/id/310056007\">310056007</a></td><td>Nephrology service</td></tr><tr><td><a href=\"http://snomed.info/id/310057003\">310057003</a></td><td>Neurology service</td></tr><tr><td><a href=\"http://snomed.info/id/310036006\">310036006</a></td><td>Cardiology service</td></tr><tr><td><a href=\"http://snomed.info/id/305366001\">305366001</a></td><td>Admission to endocrinology department</td></tr><tr><td><a href=\"http://snomed.info/id/700415000\">700415000</a></td><td>Pediatric surgery care management</td></tr><tr><td><a href=\"http://snomed.info/id/305434007\">305434007</a></td><td>Admission to urology department</td></tr><tr><td><a href=\"http://snomed.info/id/830077005\">830077005</a></td><td>Admission to neonatal intensive care unit</td></tr><tr><td><a href=\"http://snomed.info/id/310039004\">310039004</a></td><td>Pulmonary medicine service</td></tr><tr><td><a href=\"http://snomed.info/id/108290001\">108290001</a></td><td>Radiation oncology AND/OR radiotherapy</td></tr><tr><td><a href=\"http://snomed.info/id/399097000\">399097000</a></td><td>Administration of anesthesia</td></tr><tr><td><a href=\"http://snomed.info/id/224886008\">224886008</a></td><td>Treatment room (environment)</td></tr><tr><td><a href=\"http://snomed.info/id/9632001\">9632001</a></td><td>Nursing procedure (procedure)</td></tr><tr><td><a href=\"http://snomed.info/id/13288007\">13288007</a></td><td>Monitor, device (physical object)</td></tr><tr><td><a href=\"http://snomed.info/id/309904001\">309904001</a></td><td>Intensive care unit (environment)</td></tr><tr><td><a href=\"http://snomed.info/id/182998008\">182998008</a></td><td>Intensive nursing care (regime/therapy)</td></tr><tr><td><a href=\"http://snomed.info/id/272181003\">272181003</a></td><td>Clinical equipment and/or device (physical object)</td></tr><tr><td><a href=\"http://snomed.info/id/225738002\">225738002</a></td><td>Operating room (environment)</td></tr><tr><td><a href=\"http://snomed.info/id/63653004\">63653004</a></td><td>Biomedical device (physical object)</td></tr><tr><td><a href=\"http://snomed.info/id/3895009\">3895009</a></td><td>Application of dressing (procedure)</td></tr><tr><td><a href=\"http://snomed.info/id/289122001\">289122001</a></td><td>Cosmetic material (substance)</td></tr><tr><td><a href=\"http://snomed.info/id/16349000\">16349000</a></td><td>Orthopedic device (physical object)</td></tr><tr><td><a href=\"http://snomed.info/id/6919005\">6919005</a></td><td>Protective clothing material, device (physical object)</td></tr><tr><td><a href=\"http://snomed.info/id/430033006\">430033006</a></td><td>Infusion pump (physical object)</td></tr><tr><td><a href=\"http://snomed.info/id/11429006\">11429006</a></td><td>Consultation (procedure)</td></tr><tr><td><a href=\"http://snomed.info/id/387713003\">387713003</a></td><td>Surgical procedure (procedure)</td></tr><tr><td><a href=\"http://snomed.info/id/398228004\">398228004</a></td><td>Anesthesia consultation (procedure)</td></tr><tr><td><a href=\"http://snomed.info/id/878786001\">878786001</a></td><td>Operating room technician (occupation)</td></tr><tr><td><a href=\"http://snomed.info/id/91251008\">91251008</a></td><td>Physical therapy procedure (regime/therapy)</td></tr><tr><td><a href=\"http://snomed.info/id/71388002\">71388002</a></td><td>Procedure (procedure)</td></tr><tr><td><a href=\"http://snomed.info/id/367336001\">367336001</a></td><td>Chemotherapy (procedure)</td></tr><tr><td><a href=\"http://snomed.info/id/278414003\">278414003</a></td><td>Pain management (procedure)</td></tr><tr><td><a href=\"http://snomed.info/id/127801007\">127801007</a></td><td>Body fluid analysis (procedure)</td></tr><tr><td><a href=\"http://snomed.info/id/276341003\">276341003</a></td><td>Cardiovascular investigation (procedure)</td></tr><tr><td><a href=\"http://snomed.info/id/252275004\">252275004</a></td><td>Hematology test (procedure)</td></tr><tr><td><a href=\"http://snomed.info/id/19851009\">19851009</a></td><td>Microbiology procedure (procedure)</td></tr><tr><td><a href=\"http://snomed.info/id/118678004\">118678004</a></td><td>Procedure on nervous system (procedure)</td></tr><tr><td><a href=\"http://snomed.info/id/371572003\">371572003</a></td><td>Nuclear medicine procedure (procedure)</td></tr><tr><td><a href=\"http://snomed.info/id/15220000\">15220000</a></td><td>Laboratory test (procedure)</td></tr><tr><td><a href=\"http://snomed.info/id/363679005\">363679005</a></td><td>Imaging (procedure)</td></tr><tr><td><a href=\"http://snomed.info/id/396550006\">396550006</a></td><td>Blood test (procedure)</td></tr><tr><td><a href=\"http://snomed.info/id/43782000\">43782000</a></td><td>Organ or system related test (procedure)</td></tr><tr><td><a href=\"http://snomed.info/id/252416005\">252416005</a></td><td>Histopathology test (procedure)</td></tr><tr><td><a href=\"http://snomed.info/id/415564008\">415564008</a></td><td>Specimen sent to reference laboratory for testing (situation)</td></tr><tr><td><a href=\"http://snomed.info/id/715544005\">715544005</a></td><td>Transportation by ambulance with assistance of one person (procedure)</td></tr><tr><td><a href=\"http://snomed.info/id/305056002\">305056002</a></td><td>Admission procedure (procedure)</td></tr><tr><td><a href=\"http://snomed.info/id/184047000\">184047000</a></td><td>Patient registration (procedure)</td></tr><tr><td><a href=\"http://snomed.info/id/107727007\">107727007</a></td><td>Chart related administrative procedure (procedure)</td></tr><tr><td><a href=\"http://snomed.info/id/14734007\">14734007</a></td><td>Administrative procedure (procedure)</td></tr><tr><td><a href=\"http://snomed.info/id/312635000\">312635000</a></td><td>Provision of telephone (procedure)</td></tr><tr><td><a href=\"http://snomed.info/id/303607000\">303607000</a></td><td>Biomedical equipment (physical object)</td></tr><tr><td><a href=\"http://snomed.info/id/225737007\">225737007</a></td><td>Mortuary (environment)</td></tr><tr><td><a href=\"http://snomed.info/id/33022008\">33022008</a></td><td>Hospital-based outpatient department (environment)</td></tr><tr><td><a href=\"http://snomed.info/id/171324002\">171324002</a></td><td>New patient screening (procedure)</td></tr><tr><td><a href=\"http://snomed.info/id/112802009\">112802009</a></td><td>Cardiovascular operative procedure (procedure)</td></tr><tr><td><a href=\"http://snomed.info/id/118672003\">118672003</a></td><td>Procedure on cardiovascular system (procedure)</td></tr><tr><td><a href=\"http://snomed.info/id/118797008\">118797008</a></td><td>Procedure on heart (procedure)</td></tr><tr><td><a href=\"http://snomed.info/id/81733005\">81733005</a></td><td>Dental surgical procedure (procedure)</td></tr><tr><td><a href=\"http://snomed.info/id/118683007\">118683007</a></td><td>Procedure on ear and related structures (procedure)</td></tr><tr><td><a href=\"http://snomed.info/id/118673008\">118673008</a></td><td>Procedure on digestive system (procedure)</td></tr><tr><td><a href=\"http://snomed.info/id/118675001\">118675001</a></td><td>Procedure on female genital system (procedure)</td></tr><tr><td><a href=\"http://snomed.info/id/118677009\">118677009</a></td><td>Procedure on urinary system (procedure)</td></tr><tr><td><a href=\"http://snomed.info/id/89901005\">89901005</a></td><td>Operative procedure on head (procedure)</td></tr><tr><td><a href=\"http://snomed.info/id/118897002\">118897002</a></td><td>Procedure on eye proper (procedure)</td></tr><tr><td><a href=\"http://snomed.info/id/118666003\">118666003</a></td><td>Procedure on musculoskeletal system (procedure)</td></tr><tr><td><a href=\"http://snomed.info/id/225746001\">225746001</a></td><td>Ward (environment)</td></tr><tr><td><a href=\"http://snomed.info/id/705333009\">705333009</a></td><td>Toileting assistive device (physical object)</td></tr><tr><td><a href=\"http://snomed.info/id/105789008\">105789008</a></td><td>Cannula/tube/catheter, device (physical object)</td></tr><tr><td><a href=\"http://snomed.info/id/108290001\">108290001</a></td><td>Radiation oncology AND/OR radiotherapy (procedure)</td></tr><tr><td><a href=\"http://snomed.info/id/23745001\">23745001</a></td><td>Documentation procedure (procedure)</td></tr><tr><td><a href=\"http://snomed.info/id/468046005\">468046005</a></td><td>Cardiac catheterization laboratory computer (physical object)</td></tr><tr><td><a href=\"http://snomed.info/id/118781003\">118781003</a></td><td>Procedure on nose (procedure)</td></tr><tr><td><a href=\"http://snomed.info/id/118670006\">118670006</a></td><td>Procedure on upper respiratory tract (procedure)</td></tr><tr><td><a href=\"http://snomed.info/id/763158003\">763158003</a></td><td>Medicinal product (product)</td></tr></table></li></ul></div>"},"url":"https://nrces.in/ndhm/fhir/r4/ValueSet/ndhm-benefitcategory","version":"6.0.0","name":"BenefitCategory","title":"Benefit Category","status":"draft","experimental":false,"date":"2022-07-14","publisher":"National Resource Center for EHR Standards","contact":[{"telecom":[{"system":"url","value":"http://nrces.in/"}]}],"description":" This Valueset includes a collection of SNOMEDCT codes related to BenefitCategory.","jurisdiction":[{"coding":[{"system":"urn:iso:std:iso:3166","code":"IN"}]}],"copyright":"This value set includes content from SNOMED CT, which is copyright © 2002+ International Health Terminology Standards Development Organisation (IHTSDO), and distributed by agreement between IHTSDO and HL7. Implementer use of SNOMED CT is not covered by this agreement","compose":{"include":[{"system":"http://snomed.info/sct","concept":[{"code":"781087000","display":"Medical care"},{"code":"133898004","display":"Preoperative care"},{"code":"11429006","display":"Consultation"},{"code":"363680008","display":"Radiographic imaging procedure"},{"code":"53115007","display":"Diagnostic dental procedure"},{"code":"32150000","display":"Periodontic procedure"},{"code":"55670007","display":"Endodontic procedure"},{"code":"281171009","display":"Maxillofacial technical (device) procedure"},{"code":"79076007","display":"Prosthetic readjustment"},{"code":"110461004","display":"Adjunctive care"},{"code":"225362009","display":"Dental care"},{"code":"103697008","display":"Patient referral for dental care"},{"code":"384762007","display":"Transportation procedure"},{"code":"52637005","display":"Test tube ovum fertilization"},{"code":"113091000","display":"Magnetic resonance imaging"},{"code":"53958007","display":"Harvesting of donor material"},{"code":"271298009","display":"Organ retrieval operation"},{"code":"265764009","display":"Renal dialysis"},{"code":"717278002","display":"Burn care management"},{"code":"50849002","display":"Emergency room admission"},{"code":"310054005","display":"Infectious diseases service"},{"code":"240917005","display":"Interventional radiology"},{"code":"64915003","display":"Cardiac surgery procedure"},{"code":"305367005","display":"Admission to gastroenterology department"},{"code":"310056007","display":"Nephrology service"},{"code":"310057003","display":"Neurology service"},{"code":"310036006","display":"Cardiology service"},{"code":"305366001","display":"Admission to endocrinology department"},{"code":"700415000","display":"Pediatric surgery care management"},{"code":"305434007","display":"Admission to urology department"},{"code":"830077005","display":"Admission to neonatal intensive care unit"},{"code":"310039004","display":"Pulmonary medicine service"},{"code":"108290001","display":"Radiation oncology AND/OR radiotherapy"},{"code":"399097000","display":"Administration of anesthesia"},{"code":"224886008","display":"Treatment room (environment)"},{"code":"9632001","display":"Nursing procedure (procedure)"},{"code":"13288007","display":"Monitor, device (physical object)"},{"code":"309904001","display":"Intensive care unit (environment)"},{"code":"182998008","display":"Intensive nursing care (regime/therapy)"},{"code":"272181003","display":"Clinical equipment and/or device (physical object)"},{"code":"225738002","display":"Operating room (environment)"},{"code":"63653004","display":"Biomedical device (physical object)"},{"code":"3895009","display":"Application of dressing (procedure)"},{"code":"289122001","display":"Cosmetic material (substance)"},{"code":"16349000","display":"Orthopedic device (physical object)"},{"code":"6919005","display":"Protective clothing material, device (physical object)"},{"code":"430033006","display":"Infusion pump (physical object)"},{"code":"11429006","display":"Consultation (procedure)"},{"code":"387713003","display":"Surgical procedure (procedure)"},{"code":"398228004","display":"Anesthesia consultation (procedure)"},{"code":"878786001","display":"Operating room technician (occupation)"},{"code":"91251008","display":"Physical therapy procedure (regime/therapy)"},{"code":"71388002","display":"Procedure (procedure)"},{"code":"367336001","display":"Chemotherapy (procedure)"},{"code":"278414003","display":"Pain management (procedure)"},{"code":"127801007","display":"Body fluid analysis (procedure)"},{"code":"276341003","display":"Cardiovascular investigation (procedure)"},{"code":"252275004","display":"Hematology test (procedure)"},{"code":"19851009","display":"Microbiology procedure (procedure)"},{"code":"118678004","display":"Procedure on nervous system (procedure)"},{"code":"371572003","display":"Nuclear medicine procedure (procedure)"},{"code":"15220000","display":"Laboratory test (procedure)"},{"code":"363679005","display":"Imaging (procedure)"},{"code":"396550006","display":"Blood test (procedure)"},{"code":"43782000","display":"Organ or system related test (procedure)"},{"code":"252416005","display":"Histopathology test (procedure)"},{"code":"415564008","display":"Specimen sent to reference laboratory for testing (situation)"},{"code":"715544005","display":"Transportation by ambulance with assistance of one person (procedure)"},{"code":"305056002","display":"Admission procedure (procedure)"},{"code":"184047000","display":"Patient registration (procedure)"},{"code":"107727007","display":"Chart related administrative procedure (procedure)"},{"code":"14734007","display":"Administrative procedure (procedure)"},{"code":"312635000","display":"Provision of telephone (procedure)"},{"code":"303607000","display":"Biomedical equipment (physical object)"},{"code":"225737007","display":"Mortuary (environment)"},{"code":"33022008","display":"Hospital-based outpatient department (environment)"},{"code":"171324002","display":"New patient screening (procedure)"},{"code":"112802009","display":"Cardiovascular operative procedure (procedure)"},{"code":"118672003","display":"Procedure on cardiovascular system (procedure)"},{"code":"118797008","display":"Procedure on heart (procedure)"},{"code":"81733005","display":"Dental surgical procedure (procedure)"},{"code":"118683007","display":"Procedure on ear and related structures (procedure)"},{"code":"118673008","display":"Procedure on digestive system (procedure)"},{"code":"118675001","display":"Procedure on female genital system (procedure)"},{"code":"118677009","display":"Procedure on urinary system (procedure)"},{"code":"89901005","display":"Operative procedure on head (procedure)"},{"code":"118897002","display":"Procedure on eye proper (procedure)"},{"code":"118666003","display":"Procedure on musculoskeletal system (procedure)"},{"code":"225746001","display":"Ward (environment)"},{"code":"705333009","display":"Toileting assistive device (physical object)"},{"code":"105789008","display":"Cannula/tube/catheter, device (physical object)"},{"code":"108290001","display":"Radiation oncology AND/OR radiotherapy (procedure)"},{"code":"23745001","display":"Documentation procedure (procedure)"},{"code":"468046005","display":"Cardiac catheterization laboratory computer (physical object)"},{"code":"118781003","display":"Procedure on nose (procedure)"},{"code":"118670006","display":"Procedure on upper respiratory tract (procedure)"},{"code":"763158003","display":"Medicinal product (product)"}]}]}}