{"resourceType":"ValueSet","id":"ndhm-insuranceplan-type","text":{"status":"generated","div":"<div xmlns=\"http://www.w3.org/1999/xhtml\"><ul><li>Include all codes defined in <a href=\"CodeSystem-ndhm-insuranceplan-type.html\"><code>https://nrces.in/ndhm/fhir/r4/CodeSystem/ndhm-insuranceplan-type</code></a></li></ul></div>"},"url":"https://nrces.in/ndhm/fhir/r4/ValueSet/ndhm-insuranceplan-type","version":"6.0.0","name":"InsurancePlanType","title":"InsurancePlan Type","status":"draft","experimental":false,"date":"2023-07-05","publisher":"National Resource Center for EHR Standards","contact":[{"telecom":[{"system":"url","value":"http://nrces.in/"}]}],"description":"The Valueset comprises codes employed for categorizing different Insurance product. It is created by referring the Health Insurance Data Reporting Manual provided by the Insurance Information Bureau of India (IIB). For more information, visit IIB's official website: https://iib.gov.in or access the manual directly at: https://healthapp.iib.gov.in/IIB/datamanuals/hidmanual08.pdf.","jurisdiction":[{"coding":[{"system":"urn:iso:std:iso:3166","code":"IN"}]}],"compose":{"include":[{"system":"https://nrces.in/ndhm/fhir/r4/CodeSystem/ndhm-insuranceplan-type"}]}}