{"resourceType":"ValueSet","id":"ndhm-productorservice","text":{"status":"generated","div":"<div xmlns=\"http://www.w3.org/1999/xhtml\"><ul><li>Include these codes as defined in <a href=\"http://www.snomed.org/\"><code>http://snomed.info/sct</code></a><table class=\"none\"><tr><td style=\"white-space:nowrap\"><b>Code</b></td><td><b>Display</b></td></tr><tr><td><a href=\"http://snomed.info/id/416113008\">416113008</a></td><td>Febrile disorder</td></tr><tr><td><a href=\"http://snomed.info/id/91302008\">91302008</a></td><td>Sepsis</td></tr><tr><td><a href=\"http://snomed.info/id/76571007\">76571007</a></td><td>Septic shock</td></tr><tr><td><a href=\"http://snomed.info/id/61462000\">61462000</a></td><td>Malaria</td></tr><tr><td><a href=\"http://snomed.info/id/38362002\">38362002</a></td><td>Dengue</td></tr><tr><td><a href=\"http://snomed.info/id/20927009\">20927009</a></td><td>Dengue hemorrhagic fever</td></tr><tr><td><a href=\"http://snomed.info/id/409671005\">409671005</a></td><td>Dengue shock syndrome</td></tr><tr><td><a href=\"http://snomed.info/id/111864006\">111864006</a></td><td>Chikungunya fever</td></tr><tr><td><a href=\"http://snomed.info/id/4834000\">4834000</a></td><td>Typhoid fever</td></tr><tr><td><a href=\"http://snomed.info/id/81000119104\">81000119104</a></td><td>Symptomatic human immunodeficiency virus infection</td></tr><tr><td><a href=\"http://snomed.info/id/77377001\">77377001</a></td><td>Leptospirosis</td></tr><tr><td><a href=\"http://snomed.info/id/236071009\">236071009</a></td><td>Chronic diarrhea</td></tr><tr><td><a href=\"http://snomed.info/id/409966000\">409966000</a></td><td>Acute diarrhea</td></tr><tr><td><a href=\"http://snomed.info/id/46799006\">46799006</a></td><td>Dysenteric diarrhea</td></tr><tr><td><a href=\"http://snomed.info/id/57412004\">57412004</a></td><td>Acute viral hepatitis</td></tr><tr><td><a href=\"http://snomed.info/id/76783007\">76783007</a></td><td>Chronic hepatitis</td></tr><tr><td><a href=\"http://snomed.info/id/27916005\">27916005</a></td><td>Abscess of liver</td></tr><tr><td><a href=\"http://snomed.info/id/186803007\">186803007</a></td><td>Visceral leishmaniasis</td></tr><tr><td><a href=\"http://snomed.info/id/233604007\">233604007</a></td><td>Pneumonia</td></tr><tr><td><a href=\"http://snomed.info/id/312682007\">312682007</a></td><td>Empyema</td></tr><tr><td><a href=\"http://snomed.info/id/67256000\">67256000</a></td><td>Tuberculosis of pericardium</td></tr><tr><td><a href=\"http://snomed.info/id/186182003\">186182003</a></td><td>Tuberculosis of pleura</td></tr><tr><td><a href=\"http://snomed.info/id/68566005\">68566005</a></td><td>Urinary tract infectious disease</td></tr><tr><td><a href=\"http://snomed.info/id/34476008\">34476008</a></td><td>Viral encephalitis</td></tr><tr><td><a href=\"http://snomed.info/id/48245008\">48245008</a></td><td>Bacterial arthritis</td></tr><tr><td><a href=\"http://snomed.info/id/19824006\">19824006</a></td><td>Infection of skin and/or subcutaneous tissue</td></tr><tr><td><a href=\"http://snomed.info/id/7520000\">7520000</a></td><td>Pyrexia of unknown origin</td></tr><tr><td><a href=\"http://snomed.info/id/12295008\">12295008</a></td><td>Bronchiectasis</td></tr><tr><td><a href=\"http://snomed.info/id/10509002\">10509002</a></td><td>Acute bronchitis</td></tr><tr><td><a href=\"http://snomed.info/id/195951007\">195951007</a></td><td>Acute exacerbation of chronic obstructive airways disease</td></tr><tr><td><a href=\"http://snomed.info/id/233703007\">233703007</a></td><td>Interstitial lung disease</td></tr><tr><td><a href=\"http://snomed.info/id/301183007\">301183007</a></td><td>Bacterial endocarditis</td></tr><tr><td><a href=\"http://snomed.info/id/86348002\">86348002</a></td><td>Mycotic endocarditis</td></tr><tr><td><a href=\"http://snomed.info/id/31996006\">31996006</a></td><td>Vasculitis</td></tr><tr><td><a href=\"http://snomed.info/id/197456007\">197456007</a></td><td>Acute pancreatitis</td></tr><tr><td><a href=\"http://snomed.info/id/235494005\">235494005</a></td><td>Chronic pancreatitis</td></tr><tr><td><a href=\"http://snomed.info/id/389026000\">389026000</a></td><td>Ascites</td></tr><tr><td><a href=\"http://snomed.info/id/47000000\">47000000</a></td><td>Acute transverse myelitis</td></tr><tr><td><a href=\"http://snomed.info/id/49436004\">49436004</a></td><td>Atrial fibrillation</td></tr><tr><td><a href=\"http://snomed.info/id/35304003\">35304003</a></td><td>Cardiac tamponade</td></tr><tr><td><a href=\"http://snomed.info/id/42343007\">42343007</a></td><td>Congestive heart failure</td></tr><tr><td><a href=\"http://snomed.info/id/708038006\">708038006</a></td><td>Acute exacerbation of asthma</td></tr><tr><td><a href=\"http://snomed.info/id/733858005\">733858005</a></td><td>Acute severe refractory exacerbation of asthma</td></tr><tr><td><a href=\"http://snomed.info/id/233765002\">233765002</a></td><td>Respiratory failure without hypercapnia</td></tr><tr><td><a href=\"http://snomed.info/id/709109004\">709109004</a></td><td>Hypercapnic respiratory failure</td></tr><tr><td><a href=\"http://snomed.info/id/409622000\">409622000</a></td><td>Respiratory failure</td></tr><tr><td><a href=\"http://snomed.info/id/363732003\">363732003</a></td><td>Addison's disease</td></tr><tr><td><a href=\"http://snomed.info/id/7093002\">7093002</a></td><td>Renal colic</td></tr><tr><td><a href=\"http://snomed.info/id/42399005\">42399005</a></td><td>Renal failure syndrome</td></tr><tr><td><a href=\"http://snomed.info/id/128613002\">128613002</a></td><td>Seizure disorder</td></tr><tr><td><a href=\"http://snomed.info/id/230456007\">230456007</a></td><td>Status epilepticus</td></tr><tr><td><a href=\"http://snomed.info/id/230690007\">230690007</a></td><td>Cerebrovascular accident</td></tr><tr><td><a href=\"http://snomed.info/id/192759008\">192759008</a></td><td>Cerebral venous sinus thrombosis</td></tr><tr><td><a href=\"http://snomed.info/id/422504002\">422504002</a></td><td>Ischemic stroke</td></tr><tr><td><a href=\"http://snomed.info/id/274100004\">274100004</a></td><td>Cerebral hemorrhage</td></tr><tr><td><a href=\"http://snomed.info/id/24700007\">24700007</a></td><td>Multiple sclerosis</td></tr><tr><td><a href=\"http://snomed.info/id/74772000\">74772000</a></td><td>Meningomyelitis</td></tr><tr><td><a href=\"http://snomed.info/id/25044007\">25044007</a></td><td>Neuromyelitis optica</td></tr><tr><td><a href=\"http://snomed.info/id/16631009\">16631009</a></td><td>Transverse myelopathy syndrome</td></tr><tr><td><a href=\"http://snomed.info/id/230745008\">230745008</a></td><td>Hydrocephalus</td></tr><tr><td><a href=\"http://snomed.info/id/21263006\">21263006</a></td><td>Myxedema coma</td></tr><tr><td><a href=\"http://snomed.info/id/29028009\">29028009</a></td><td>Thyrotoxic crisis</td></tr><tr><td><a href=\"http://snomed.info/id/90560007\">90560007</a></td><td>Inflammatory disorder due to increased blood urate level</td></tr><tr><td><a href=\"http://snomed.info/id/36118008\">36118008</a></td><td>Pneumothorax</td></tr><tr><td><a href=\"http://snomed.info/id/257277002\">257277002</a></td><td>Combined disorder of muscle AND peripheral nerve</td></tr><tr><td><a href=\"http://snomed.info/id/302866003\">302866003</a></td><td>Hypoglycemia</td></tr><tr><td><a href=\"http://snomed.info/id/280137006\">280137006</a></td><td>Diabetic foot</td></tr><tr><td><a href=\"http://snomed.info/id/420422005\">420422005</a></td><td>Ketoacidosis due to diabetes mellitus</td></tr><tr><td><a href=\"http://snomed.info/id/66931009\">66931009</a></td><td>Hypercalcemia</td></tr><tr><td><a href=\"http://snomed.info/id/5291005\">5291005</a></td><td>Hypocalcemia</td></tr><tr><td><a href=\"http://snomed.info/id/89627008\">89627008</a></td><td>Hyponatremia</td></tr><tr><td><a href=\"http://snomed.info/id/771115008\">771115008</a></td><td>Hypernatremia</td></tr><tr><td><a href=\"http://snomed.info/id/421966007\">421966007</a></td><td>Non-ketotic non-hyperosmolar coma due to diabetes mellitus</td></tr><tr><td><a href=\"http://snomed.info/id/78975002\">78975002</a></td><td>Malignant essential hypertension</td></tr><tr><td><a href=\"http://snomed.info/id/132721000119104\">132721000119104</a></td><td>Hypertensive emergency</td></tr><tr><td><a href=\"http://snomed.info/id/127040003\">127040003</a></td><td>Sickle cell-hemoglobin SS disease</td></tr><tr><td><a href=\"http://snomed.info/id/39579001\">39579001</a></td><td>Anaphylaxis</td></tr><tr><td><a href=\"http://snomed.info/id/52072009\">52072009</a></td><td>Heat stroke</td></tr><tr><td><a href=\"http://snomed.info/id/55464009\">55464009</a></td><td>Systemic lupus erythematosus</td></tr><tr><td><a href=\"http://snomed.info/id/40956001\">40956001</a></td><td>Guillain-Barré syndrome</td></tr><tr><td><a href=\"http://snomed.info/id/61288004\">61288004</a></td><td>Poisoning caused by venomous snake</td></tr><tr><td><a href=\"http://snomed.info/id/8260003\">8260003</a></td><td>Organophosphate poisoning</td></tr><tr><td><a href=\"http://snomed.info/id/75478009\">75478009</a></td><td>Poisoning</td></tr><tr><td><a href=\"http://snomed.info/id/302497006\">302497006</a></td><td>Hemodialysis</td></tr><tr><td><a href=\"http://snomed.info/id/71192002\">71192002</a></td><td>Peritoneal dialysis</td></tr><tr><td><a href=\"http://snomed.info/id/20720000\">20720000</a></td><td>Plasmapheresis</td></tr><tr><td><a href=\"http://snomed.info/id/33389009\">33389009</a></td><td>Transfusion of whole blood</td></tr><tr><td><a href=\"http://snomed.info/id/54790000\">54790000</a></td><td>Transfusion of blood component</td></tr><tr><td><a href=\"http://snomed.info/id/363679005\">363679005</a></td><td>Imaging</td></tr><tr><td><a href=\"http://snomed.info/id/252416005\">252416005</a></td><td>Histopathology test</td></tr><tr><td><a href=\"http://snomed.info/id/86273004\">86273004</a></td><td>Biopsy</td></tr><tr><td><a href=\"http://snomed.info/id/45900003\">45900003</a></td><td>Esophagectomy</td></tr><tr><td><a href=\"http://snomed.info/id/307332009\">307332009</a></td><td>Esophagectomy and colonic interposition</td></tr><tr><td><a href=\"http://snomed.info/id/708987006\">708987006</a></td><td>Laparoscopic total gastrectomy</td></tr><tr><td><a href=\"http://snomed.info/id/26452005\">26452005</a></td><td>Total gastrectomy</td></tr><tr><td><a href=\"http://snomed.info/id/54956002\">54956002</a></td><td>Gastrostomy</td></tr><tr><td><a href=\"http://snomed.info/id/72971003\">72971003</a></td><td>Gastrojejunostomy with vagotomy</td></tr><tr><td><a href=\"http://snomed.info/id/46381000\">46381000</a></td><td>Truncal vagotomy with pyloroplasty</td></tr><tr><td><a href=\"http://snomed.info/id/287811008\">287811008</a></td><td>Perforated peptic ulcer closure</td></tr><tr><td><a href=\"http://snomed.info/id/235674005\">235674005</a></td><td>Perforation of stomach</td></tr><tr><td><a href=\"http://snomed.info/id/270909006\">270909006</a></td><td>Duodenal perforation</td></tr><tr><td><a href=\"http://snomed.info/id/363742001\">363742001</a></td><td>Pyloroplasty</td></tr><tr><td><a href=\"http://snomed.info/id/173788005\">173788005</a></td><td>Pyloromyotomy</td></tr><tr><td><a href=\"http://snomed.info/id/49245001\">49245001</a></td><td>Bypass gastrojejunostomy</td></tr><tr><td><a href=\"http://snomed.info/id/238280007\">238280007</a></td><td>Drainage of peritoneal pseudocyst</td></tr><tr><td><a href=\"http://snomed.info/id/238275003\">238275003</a></td><td>Drainage of peritoneal cyst</td></tr><tr><td><a href=\"http://snomed.info/id/75389003\">75389003</a></td><td>Pancreaticocystogastrostomy</td></tr><tr><td><a href=\"http://snomed.info/id/234321000\">234321000</a></td><td>Splenic cystogastrostomy</td></tr><tr><td><a href=\"http://snomed.info/id/234322007\">234322007</a></td><td>Splenic cystojejunostomy</td></tr><tr><td><a href=\"http://snomed.info/id/238278001\">238278001</a></td><td>Peritoneal cystojejunostomy</td></tr><tr><td><a href=\"http://snomed.info/id/238279009\">238279009</a></td><td>Peritoneal cystogastrostomy</td></tr><tr><td><a href=\"http://snomed.info/id/174740002\">174740002</a></td><td>Open cystogastrotomy of pancreas</td></tr><tr><td><a href=\"http://snomed.info/id/62937006\">62937006</a></td><td>Feeding enterostomy of jejunum</td></tr><tr><td><a href=\"http://snomed.info/id/301784005\">301784005</a></td><td>Ileostomy operation</td></tr><tr><td><a href=\"http://snomed.info/id/67389003\">67389003</a></td><td>Diverticulectomy of duodenum</td></tr><tr><td><a href=\"http://snomed.info/id/61218006\">61218006</a></td><td>Excision of Meckel's diverticulum</td></tr><tr><td><a href=\"http://snomed.info/id/80146002\">80146002</a></td><td>Excision of appendix</td></tr><tr><td><a href=\"http://snomed.info/id/6025007\">6025007</a></td><td>Laparoscopic appendectomy</td></tr><tr><td><a href=\"http://snomed.info/id/47693006\">47693006</a></td><td>Rupture of appendix</td></tr><tr><td><a href=\"http://snomed.info/id/174052001\">174052001</a></td><td>Drainage of appendix abscess</td></tr><tr><td><a href=\"http://snomed.info/id/26390003\">26390003</a></td><td>Total colectomy</td></tr><tr><td><a href=\"http://snomed.info/id/787874000\">787874000</a></td><td>Laparoscopic total colectomy</td></tr><tr><td><a href=\"http://snomed.info/id/359571009\">359571009</a></td><td>Right colectomy</td></tr><tr><td><a href=\"http://snomed.info/id/50774009\">50774009</a></td><td>Laparoscopic-assisted right colectomy</td></tr><tr><td><a href=\"http://snomed.info/id/82619000\">82619000</a></td><td>Left colectomy</td></tr><tr><td><a href=\"http://snomed.info/id/41330009\">41330009</a></td><td>Laparoscopic-assisted left colectomy</td></tr><tr><td><a href=\"http://snomed.info/id/398740003\">398740003</a></td><td>Colostomy</td></tr><tr><td><a href=\"http://snomed.info/id/1805005\">1805005</a></td><td>Surgical closure of stoma</td></tr><tr><td><a href=\"http://snomed.info/id/84604002\">84604002</a></td><td>Sigmoid colectomy</td></tr><tr><td><a href=\"http://snomed.info/id/174286001\">174286001</a></td><td>Perineal operations for rectal prolapse</td></tr><tr><td><a href=\"http://snomed.info/id/73921006\">73921006</a></td><td>Repair of rectal prolapse by abdominal approach</td></tr><tr><td><a href=\"http://snomed.info/id/440032004\">440032004</a></td><td>Laparoscopic fixation of prolapse of rectum</td></tr><tr><td><a href=\"http://snomed.info/id/274031008\">274031008</a></td><td>Rectal polypectomy</td></tr><tr><td><a href=\"http://snomed.info/id/4558008\">4558008</a></td><td>Anterior resection of rectum</td></tr><tr><td><a href=\"http://snomed.info/id/90527009\">90527009</a></td><td>Laparoscopic-assisted anterior resection of rectum</td></tr><tr><td><a href=\"http://snomed.info/id/315328007\">315328007</a></td><td>Anterior resection of rectum with anastomosis</td></tr><tr><td><a href=\"http://snomed.info/id/392027008\">392027008</a></td><td>Anal fissurectomy</td></tr><tr><td><a href=\"http://snomed.info/id/24496007\">24496007</a></td><td>Hemorrhoidectomy</td></tr><tr><td><a href=\"http://snomed.info/id/412737002\">412737002</a></td><td>Stapling of hemorrhoid</td></tr><tr><td><a href=\"http://snomed.info/id/174396007\">174396007</a></td><td>Pilonidal sinus operation</td></tr><tr><td><a href=\"http://snomed.info/id/107808005\">107808005</a></td><td>Accessory sinus excision</td></tr><tr><td><a href=\"http://snomed.info/id/302392001\">302392001</a></td><td>Curettage of sinus</td></tr><tr><td><a href=\"http://snomed.info/id/74770008\">74770008</a></td><td>Exploratory laparotomy</td></tr><tr><td><a href=\"http://snomed.info/id/177916006\">177916006</a></td><td>Resuture of burst abdomen</td></tr><tr><td><a href=\"http://snomed.info/id/107963000\">107963000</a></td><td>Liver excision</td></tr><tr><td><a href=\"http://snomed.info/id/708590009\">708590009</a></td><td>Laparoscopic wedge resection of liver</td></tr><tr><td><a href=\"http://snomed.info/id/708589000\">708589000</a></td><td>Laparoscopic resection of segment of liver</td></tr><tr><td><a href=\"http://snomed.info/id/38102005\">38102005</a></td><td>Cholecystectomy</td></tr><tr><td><a href=\"http://snomed.info/id/45993005\">45993005</a></td><td>Cholecystectomy with exploration of common duct</td></tr><tr><td><a href=\"http://snomed.info/id/45595009\">45595009</a></td><td>Laparoscopic cholecystectomy</td></tr><tr><td><a href=\"http://snomed.info/id/67557008\">67557008</a></td><td>Laparoscopic cholecystectomy with exploration of common duct</td></tr><tr><td><a href=\"http://snomed.info/id/66361005\">66361005</a></td><td>Excision of choledochal cyst</td></tr><tr><td><a href=\"http://snomed.info/id/234319005\">234319005</a></td><td>Splenectomy</td></tr><tr><td><a href=\"http://snomed.info/id/174776001\">174776001</a></td><td>Total splenectomy</td></tr><tr><td><a href=\"http://snomed.info/id/314118002\">314118002</a></td><td>Laparoscopic total splenectomy</td></tr><tr><td><a href=\"http://snomed.info/id/446408009\">446408009</a></td><td>Laparoscopic excision of part of spleen</td></tr><tr><td><a href=\"http://snomed.info/id/173747005\">173747005</a></td><td>Roux-en-Y gastrojejunostomy</td></tr><tr><td><a href=\"http://snomed.info/id/91516004\">91516004</a></td><td>Distal subtotal pancreatectomy with pancreaticojejunostomy</td></tr><tr><td><a href=\"http://snomed.info/id/116241004\">116241004</a></td><td>Pancreaticoduodenectomy</td></tr><tr><td><a href=\"http://snomed.info/id/20767001\">20767001</a></td><td>Shunt of portal vein to vena cava</td></tr><tr><td><a href=\"http://snomed.info/id/175793006\">175793006</a></td><td>Mesocaval shunt</td></tr><tr><td><a href=\"http://snomed.info/id/238299003\">238299003</a></td><td>Excision of mesenteric cyst</td></tr><tr><td><a href=\"http://snomed.info/id/92433007\">92433007</a></td><td>Benign neoplasm of retroperitoneum</td></tr><tr><td><a href=\"http://snomed.info/id/608797008\">608797008</a></td><td>Open repair of inguinal hernia</td></tr><tr><td><a href=\"http://snomed.info/id/15018006\">15018006</a></td><td>Laparoscopic repair of inguinal hernia</td></tr><tr><td><a href=\"http://snomed.info/id/608796004\">608796004</a></td><td>Open repair of femoral hernia</td></tr><tr><td><a href=\"http://snomed.info/id/608789001\">608789001</a></td><td>Laparoscopic repair of femoral hernia</td></tr><tr><td><a href=\"http://snomed.info/id/608790005\">608790005</a></td><td>Laparoscopic repair of obturator hernia</td></tr><tr><td><a href=\"http://snomed.info/id/238184006\">238184006</a></td><td>Repair of epigastric hernia</td></tr><tr><td><a href=\"http://snomed.info/id/44946007\">44946007</a></td><td>Repair of umbilical hernia</td></tr><tr><td><a href=\"http://snomed.info/id/9877001\">9877001</a></td><td>Repair of paraumbilical hernia</td></tr><tr><td><a href=\"http://snomed.info/id/15694008\">15694008</a></td><td>Repair of spigelian hernia</td></tr><tr><td><a href=\"http://snomed.info/id/238187004\">238187004</a></td><td>Repair of incisional hernia</td></tr><tr><td><a href=\"http://snomed.info/id/9292007\">9292007</a></td><td>Esophageal hiatus hernia repair</td></tr><tr><td><a href=\"http://snomed.info/id/413181005\">413181005</a></td><td>Laparoscopic repair of hiatus hernia</td></tr><tr><td><a href=\"http://snomed.info/id/359890009\">359890009</a></td><td>Fundoplication</td></tr><tr><td><a href=\"http://snomed.info/id/359893006\">359893006</a></td><td>Total fundoplication</td></tr><tr><td><a href=\"http://snomed.info/id/78656005\">78656005</a></td><td>Laparoscopic fundoplication</td></tr><tr><td><a href=\"http://snomed.info/id/21810005\">21810005</a></td><td>Excision of lesion of scrotum</td></tr><tr><td><a href=\"http://snomed.info/id/236326007\">236326007</a></td><td>Excision of multiple scrotal sebaceous cysts</td></tr><tr><td><a href=\"http://snomed.info/id/236347006\">236347006</a></td><td>Hydrocele operation</td></tr><tr><td><a href=\"http://snomed.info/id/176481007\">176481007</a></td><td>Excision of cyst of epididymis</td></tr><tr><td><a href=\"http://snomed.info/id/176490000\">176490000</a></td><td>Reversal of vasectomy</td></tr><tr><td><a href=\"http://snomed.info/id/236334001\">236334001</a></td><td>Total orchidectomy</td></tr><tr><td><a href=\"http://snomed.info/id/178286005\">178286005</a></td><td>Block dissection of inguinal lymph nodes</td></tr><tr><td><a href=\"http://snomed.info/id/112851007\">112851007</a></td><td>Full thickness excision of lip, reconstruction with local flap</td></tr><tr><td><a href=\"http://snomed.info/id/20418004\">20418004</a></td><td>Wedge resection</td></tr><tr><td><a href=\"http://snomed.info/id/173225009\">173225009</a></td><td>Wedge excision of lip</td></tr><tr><td><a href=\"http://snomed.info/id/39562007\">39562007</a></td><td>Vermilionectomy</td></tr><tr><td><a href=\"http://snomed.info/id/173218002\">173218002</a></td><td>Excision of vermilion border and advancement of lip mucosa</td></tr><tr><td><a href=\"http://snomed.info/id/359703006\">359703006</a></td><td>Total glossectomy</td></tr><tr><td><a href=\"http://snomed.info/id/177124000\">177124000</a></td><td>Biopsy of tongue</td></tr><tr><td><a href=\"http://snomed.info/id/173357008\">173357008</a></td><td>Removal of lesion of tongue</td></tr><tr><td><a href=\"http://snomed.info/id/234246002\">234246002</a></td><td>Selective neck dissection of cervical lymph nodes</td></tr><tr><td><a href=\"http://snomed.info/id/59687004\">59687004</a></td><td>Excision of laryngeal polyp</td></tr><tr><td><a href=\"http://snomed.info/id/308030005\">308030005</a></td><td>Microlaryngoscopic vocal cord polypectomy</td></tr><tr><td><a href=\"http://snomed.info/id/173490007\">173490007</a></td><td>Excision of lesion of submandibular gland</td></tr><tr><td><a href=\"http://snomed.info/id/45685007\">45685007</a></td><td>Radical neck dissection</td></tr><tr><td><a href=\"http://snomed.info/id/178347009\">178347009</a></td><td>Excision of branchial cyst</td></tr><tr><td><a href=\"http://snomed.info/id/233401008\">233401008</a></td><td>Excision of carotid body tumor</td></tr><tr><td><a href=\"http://snomed.info/id/302338000\">302338000</a></td><td>Lobectomy of thyroid gland</td></tr><tr><td><a href=\"http://snomed.info/id/24443003\">24443003</a></td><td>Total thyroidectomy</td></tr><tr><td><a href=\"http://snomed.info/id/237486002\">237486002</a></td><td>Total thyroidectomy with cervical lymph node dissection</td></tr><tr><td><a href=\"http://snomed.info/id/287258006\">287258006</a></td><td>Parathyroid adenoma excision</td></tr><tr><td><a href=\"http://snomed.info/id/399750009\">399750009</a></td><td>Excision of thymus</td></tr><tr><td><a href=\"http://snomed.info/id/57071006\">57071006</a></td><td>Sympathectomy</td></tr><tr><td><a href=\"http://snomed.info/id/392021009\">392021009</a></td><td>Lumpectomy of breast</td></tr><tr><td><a href=\"http://snomed.info/id/172043006\">172043006</a></td><td>Simple mastectomy</td></tr><tr><td><a href=\"http://snomed.info/id/406505007\">406505007</a></td><td>Modified radical mastectomy</td></tr><tr><td><a href=\"http://snomed.info/id/384723003\">384723003</a></td><td>Radical mastectomy</td></tr><tr><td><a href=\"http://snomed.info/id/172106007\">172106007</a></td><td>Excision of fistula of mammary duct</td></tr><tr><td><a href=\"http://snomed.info/id/238356005\">238356005</a></td><td>Intercostal drain removal</td></tr><tr><td><a href=\"http://snomed.info/id/177789001\">177789001</a></td><td>Excision of rib and open drainage of pleural cavity</td></tr><tr><td><a href=\"http://snomed.info/id/238332006\">238332006</a></td><td>Total thoracoplasty</td></tr><tr><td><a href=\"http://snomed.info/id/26411001\">26411001</a></td><td>Decortication of lung and parietal pleurectomy</td></tr><tr><td><a href=\"http://snomed.info/id/75935006\">75935006</a></td><td>Thoracoscopic lobectomy of lung</td></tr><tr><td><a href=\"http://snomed.info/id/173171007\">173171007</a></td><td>Lobectomy of lung</td></tr><tr><td><a href=\"http://snomed.info/id/444188003\">444188003</a></td><td>Thoracoscopic wedge resection of lung</td></tr><tr><td><a href=\"http://snomed.info/id/284181007\">284181007</a></td><td>Incision and drainage of abscess</td></tr><tr><td><a href=\"http://snomed.info/id/274068006\">274068006</a></td><td>Excision of lipoma</td></tr><tr><td><a href=\"http://snomed.info/id/428297005\">428297005</a></td><td>Excision of cyst</td></tr><tr><td><a href=\"http://snomed.info/id/440258006\">440258006</a></td><td>Excision of skin</td></tr><tr><td><a href=\"http://snomed.info/id/312775003\">312775003</a></td><td>Debridement of ulcer</td></tr><tr><td><a href=\"http://snomed.info/id/771225007\">771225007</a></td><td>Reconstruction using free flap</td></tr><tr><td><a href=\"http://snomed.info/id/119561005\">119561005</a></td><td>Grafting procedure</td></tr><tr><td><a href=\"http://snomed.info/id/265675003\">265675003</a></td><td>Split thickness graft of skin to skin</td></tr><tr><td><a href=\"http://snomed.info/id/304039000\">304039000</a></td><td>Skin flap operation</td></tr><tr><td><a href=\"http://snomed.info/id/264983002\">264983002</a></td><td>Transfer of tendon</td></tr><tr><td><a href=\"http://snomed.info/id/107996003\">107996003</a></td><td>Lymphatic system excision</td></tr><tr><td><a href=\"http://snomed.info/id/27929005\">27929005</a></td><td>Arteriovenous fistulization</td></tr><tr><td><a href=\"http://snomed.info/id/717285003\">717285003</a></td><td>Vascular system care</td></tr><tr><td><a href=\"http://snomed.info/id/21911005\">21911005</a></td><td>Biopsy of lymph node</td></tr><tr><td><a href=\"http://snomed.info/id/447338009\">447338009</a></td><td>Aspiration of endometrium</td></tr><tr><td><a href=\"http://snomed.info/id/171149006\">171149006</a></td><td>Screening for malignant neoplasm of cervix</td></tr><tr><td><a href=\"http://snomed.info/id/50796003\">50796003</a></td><td>Cervical biopsy</td></tr><tr><td><a href=\"http://snomed.info/id/274942001\">274942001</a></td><td>Biopsy of vulva</td></tr><tr><td><a href=\"http://snomed.info/id/87515005\">87515005</a></td><td>Ileostomy management and care</td></tr><tr><td><a href=\"http://snomed.info/id/25953003\">25953003</a></td><td>Colostomy management and care</td></tr><tr><td><a href=\"http://snomed.info/id/10849003\">10849003</a></td><td>Removal of foreign body</td></tr><tr><td><a href=\"http://snomed.info/id/225746001\">225746001</a></td><td>Ward (environment)</td></tr><tr><td><a href=\"http://snomed.info/id/224663004\">224663004</a></td><td>Single room (environment)</td></tr><tr><td><a href=\"http://snomed.info/id/67604003\">67604003</a></td><td>Household appliance (physical object)</td></tr><tr><td><a href=\"http://snomed.info/id/5679009\">5679009</a></td><td>Bed sheet, device (physical object)</td></tr><tr><td><a href=\"http://snomed.info/id/47448006\">47448006</a></td><td>Hot water (substance)</td></tr><tr><td><a href=\"http://snomed.info/id/182591009\">182591009</a></td><td>Water bed (physical object)</td></tr><tr><td><a href=\"http://snomed.info/id/229772003\">229772003</a></td><td>Bed (physical object)</td></tr><tr><td><a href=\"http://snomed.info/id/1348009\">1348009</a></td><td>Day care center (environment)</td></tr><tr><td><a href=\"http://snomed.info/id/25721000087108\">25721000087108</a></td><td>Emergency shelter (environment)</td></tr><tr><td><a href=\"http://snomed.info/id/9632001\">9632001</a></td><td>Nursing procedure (procedure)</td></tr><tr><td><a href=\"http://snomed.info/id/3895009\">3895009</a></td><td>Application of dressing (procedure)</td></tr><tr><td><a href=\"http://snomed.info/id/401304009\">401304009</a></td><td>Service of nebulizer (procedure)</td></tr><tr><td><a href=\"http://snomed.info/id/59108006\">59108006</a></td><td>Injection (procedure)</td></tr><tr><td><a href=\"http://snomed.info/id/430033006\">430033006</a></td><td>Infusion pump (physical object)</td></tr><tr><td><a href=\"http://snomed.info/id/159753002\">159753002</a></td><td>General caretaker (occupation)</td></tr><tr><td><a href=\"http://snomed.info/id/116859006\">116859006</a></td><td>Transfusion of blood product (procedure)</td></tr><tr><td><a href=\"http://snomed.info/id/11429006\">11429006</a></td><td>Consultation (procedure)</td></tr><tr><td><a href=\"http://snomed.info/id/252465000\">252465000</a></td><td>Pulse oximetry (procedure)</td></tr><tr><td><a href=\"http://snomed.info/id/309906004\">309906004</a></td><td>Burns unit (environment)</td></tr><tr><td><a href=\"http://snomed.info/id/397771005\">397771005</a></td><td>High dependency unit (environment)</td></tr><tr><td><a href=\"http://snomed.info/id/309907008\">309907008</a></td><td>Cardiac intensive care unit (environment)</td></tr><tr><td><a href=\"http://snomed.info/id/409688003\">409688003</a></td><td>Hospital isolation room (environment)</td></tr><tr><td><a href=\"http://snomed.info/id/309909006\">309909006</a></td><td>Neurological intensive care unit (environment)</td></tr><tr><td><a href=\"http://snomed.info/id/398161000\">398161000</a></td><td>Postoperative anesthesia care unit (environment)</td></tr><tr><td><a href=\"http://snomed.info/id/387713003\">387713003</a></td><td>Surgical procedure (procedure)</td></tr><tr><td><a href=\"http://snomed.info/id/309904001\">309904001</a></td><td>Intensive care unit (environment)</td></tr><tr><td><a href=\"http://snomed.info/id/182998008\">182998008</a></td><td>Intensive nursing care (regime/therapy)</td></tr><tr><td><a href=\"http://snomed.info/id/61968008\">61968008</a></td><td>Syringe, device (physical object)</td></tr><tr><td><a href=\"http://snomed.info/id/13288007\">13288007</a></td><td>Monitor, device (physical object)</td></tr><tr><td><a href=\"http://snomed.info/id/23852006\">23852006</a></td><td>Cardiac monitoring (regime/therapy)</td></tr><tr><td><a href=\"http://snomed.info/id/399217008\">399217008</a></td><td>Cardioassist by aortic balloon pump (procedure)</td></tr><tr><td><a href=\"http://snomed.info/id/31394004\">31394004</a></td><td>Light therapy (procedure)</td></tr><tr><td><a href=\"http://snomed.info/id/24099007\">24099007</a></td><td>Oxygen (substance)</td></tr><tr><td><a href=\"http://snomed.info/id/706172005\">706172005</a></td><td>Ventilator (physical object)</td></tr><tr><td><a href=\"http://snomed.info/id/424172009\">424172009</a></td><td>Dual pressure spontaneous ventilation support weaning protocol (regime/therapy)</td></tr><tr><td><a href=\"http://snomed.info/id/225738002\">225738002</a></td><td>Operating room (environment)</td></tr><tr><td><a href=\"http://snomed.info/id/257715004\">257715004</a></td><td>Theater (environment)</td></tr><tr><td><a href=\"http://snomed.info/id/1255635002\">1255635002</a></td><td>Birth room (environment)</td></tr><tr><td><a href=\"http://snomed.info/id/122456005\">122456005</a></td><td>Laser device (physical object)</td></tr><tr><td><a href=\"http://snomed.info/id/701418007\">701418007</a></td><td>C-arm drape (physical object)</td></tr><tr><td><a href=\"http://snomed.info/id/423827005\">423827005</a></td><td>Endoscopy (procedure)</td></tr><tr><td><a href=\"http://snomed.info/id/51316009\">51316009</a></td><td>Laparoscopic procedure (procedure)</td></tr><tr><td><a href=\"http://snomed.info/id/272181003\">272181003</a></td><td>Clinical equipment and/or device (physical object)</td></tr><tr><td><a href=\"http://snomed.info/id/462524004\">462524004</a></td><td>Neurosurgical ultrasonic navigation system (physical object)</td></tr><tr><td><a href=\"http://snomed.info/id/80557002\">80557002</a></td><td>Drilling of bone (procedure)</td></tr><tr><td><a href=\"http://snomed.info/id/118299005\">118299005</a></td><td>Semiconductor laser device (physical object)</td></tr><tr><td><a href=\"http://snomed.info/id/310801006\">310801006</a></td><td>Ureteroscope (physical object)</td></tr><tr><td><a href=\"http://snomed.info/id/312077001\">312077001</a></td><td>Flexible ureteroscope (physical object)</td></tr><tr><td><a href=\"http://snomed.info/id/6012004\">6012004</a></td><td>Hearing aid, device (physical object)</td></tr><tr><td><a href=\"http://snomed.info/id/63653004\">63653004</a></td><td>Biomedical device (physical object)</td></tr><tr><td><a href=\"http://snomed.info/id/5776009\">5776009</a></td><td>Medicinal product acting as anesthetic agent (product)</td></tr><tr><td><a href=\"http://snomed.info/id/86174004\">86174004</a></td><td>Laparoscope, device (physical object)</td></tr><tr><td><a href=\"http://snomed.info/id/14106009\">14106009</a></td><td>Cardiac pacemaker, device (physical object)</td></tr><tr><td><a href=\"http://snomed.info/id/704722004\">704722004</a></td><td>Dual chamber rate responsive implantable cardiac pacemaker (physical object)</td></tr><tr><td><a href=\"http://snomed.info/id/705637003\">705637003</a></td><td>Drug-eluting coronary artery stent (physical object)</td></tr><tr><td><a href=\"http://snomed.info/id/464052002\">464052002</a></td><td>Bare metal coronary artery stent (physical object)</td></tr><tr><td><a href=\"http://snomed.info/id/356497001\">356497001</a></td><td>Bone cements (product)</td></tr><tr><td><a href=\"http://snomed.info/id/303533002\">303533002</a></td><td>Hip joint implant (physical object)</td></tr><tr><td><a href=\"http://snomed.info/id/63995005\">63995005</a></td><td>Bandage, device (physical object)</td></tr><tr><td><a href=\"http://snomed.info/id/256246007\">256246007</a></td><td>Cotton - textile (physical object)</td></tr><tr><td><a href=\"http://snomed.info/id/350785008\">350785008</a></td><td>Gauzes (physical object)</td></tr><tr><td><a href=\"http://snomed.info/id/52291003\">52291003</a></td><td>Glove, device (physical object)</td></tr><tr><td><a href=\"http://snomed.info/id/261382003\">261382003</a></td><td>Mask (physical object)</td></tr><tr><td><a href=\"http://snomed.info/id/994005\">994005</a></td><td>Brush, device (physical object)</td></tr><tr><td><a href=\"http://snomed.info/id/48741003\">48741003</a></td><td>Toothpaste (substance)</td></tr><tr><td><a href=\"http://snomed.info/id/25780000\">25780000</a></td><td>Soap (substance)</td></tr><tr><td><a href=\"http://snomed.info/id/739000003\">739000003</a></td><td>Lotion (basic dose form)</td></tr><tr><td><a href=\"http://snomed.info/id/255698008\">255698008</a></td><td>Shampoo (substance)</td></tr><tr><td><a href=\"http://snomed.info/id/52065008\">52065008</a></td><td>Diaper, device (physical object)</td></tr><tr><td><a href=\"http://snomed.info/id/40519001\">40519001</a></td><td>Binder, device (physical object)</td></tr><tr><td><a href=\"http://snomed.info/id/74094004\">74094004</a></td><td>Belt, device (physical object)</td></tr><tr><td><a href=\"http://snomed.info/id/228184002\">228184002</a></td><td>Stocking (physical object)</td></tr><tr><td><a href=\"http://snomed.info/id/16650009\">16650009</a></td><td>Splint, device (physical object)</td></tr><tr><td><a href=\"http://snomed.info/id/9096001\">9096001</a></td><td>Support, device (physical object)</td></tr><tr><td><a href=\"http://snomed.info/id/51883004\">51883004</a></td><td>Sling, device (physical object)</td></tr><tr><td><a href=\"http://snomed.info/id/272363005\">272363005</a></td><td>Fixed orthodontic appliance (physical object)</td></tr><tr><td><a href=\"http://snomed.info/id/12150006\">12150006</a></td><td>Cannula, device (physical object)</td></tr><tr><td><a href=\"http://snomed.info/id/255560000\">255560000</a></td><td>Intravenous (qualifier value)</td></tr><tr><td><a href=\"http://snomed.info/id/19923001\">19923001</a></td><td>Catheter, device (physical object)</td></tr><tr><td><a href=\"http://snomed.info/id/83059008\">83059008</a></td><td>Tube, device (physical object)</td></tr><tr><td><a href=\"http://snomed.info/id/57134006\">57134006</a></td><td>Instrument, device (physical object)</td></tr><tr><td><a href=\"http://snomed.info/id/408097009\">408097009</a></td><td>Strip (physical object)</td></tr><tr><td><a href=\"http://snomed.info/id/369443003\">369443003</a></td><td>Bedpan (physical object)</td></tr><tr><td><a href=\"http://snomed.info/id/91251008\">91251008</a></td><td>Physiotherapy (regime/therapy)</td></tr><tr><td><a href=\"http://snomed.info/id/81375008\">81375008</a></td><td>Physical assessment (procedure)</td></tr><tr><td><a href=\"http://snomed.info/id/386053000\">386053000</a></td><td>Evaluation procedure (procedure)</td></tr><tr><td><a href=\"http://snomed.info/id/45900003\">45900003</a></td><td>Esophagectomy (procedure)</td></tr><tr><td><a href=\"http://snomed.info/id/235162005\">235162005</a></td><td>Trans-hiatal esophagectomy (procedure)</td></tr><tr><td><a href=\"http://snomed.info/id/90410003\">90410003</a></td><td>Wedge resection of stomach (procedure)</td></tr><tr><td><a href=\"http://snomed.info/id/50774009\">50774009</a></td><td>Laparoscopic-assisted right colectomy (procedure)</td></tr><tr><td><a href=\"http://snomed.info/id/174071004\">174071004</a></td><td>Extended right hemicolectomy (procedure)</td></tr><tr><td><a href=\"http://snomed.info/id/41330009\">41330009</a></td><td>Laparoscopic-assisted left colectomy (procedure)</td></tr><tr><td><a href=\"http://snomed.info/id/82619000\">82619000</a></td><td>Left colectomy (procedure)</td></tr><tr><td><a href=\"http://snomed.info/id/235325001\">235325001</a></td><td>Extended left hemicolectomy (procedure)</td></tr><tr><td><a href=\"http://snomed.info/id/26925005\">26925005</a></td><td>Transverse colectomy (procedure)</td></tr><tr><td><a href=\"http://snomed.info/id/84604002\">84604002</a></td><td>Sigmoid colectomy (procedure)</td></tr><tr><td><a href=\"http://snomed.info/id/1390003\">1390003</a></td><td>Laparoscopic-assisted sigmoid colectomy (procedure)</td></tr><tr><td><a href=\"http://snomed.info/id/708913004\">708913004</a></td><td>Laparoscopic abdominoperineal resection using robotic assistance (procedure)</td></tr><tr><td><a href=\"http://snomed.info/id/180056004\">180056004</a></td><td>Posterior exenteration of pelvis (procedure)</td></tr><tr><td><a href=\"http://snomed.info/id/180055000\">180055000</a></td><td>Anterior exenteration of pelvis (procedure)</td></tr><tr><td><a href=\"http://snomed.info/id/69036001\">69036001</a></td><td>Total pancreaticoduodenectomy (procedure)</td></tr><tr><td><a href=\"http://snomed.info/id/61326000\">61326000</a></td><td>Hepatectomy, total right lobectomy (procedure)</td></tr><tr><td><a href=\"http://snomed.info/id/63816008\">63816008</a></td><td>Hepatectomy, total left lobectomy (procedure)</td></tr><tr><td><a href=\"http://snomed.info/id/281255004\">281255004</a></td><td>Small bowel obstruction (disorder)</td></tr><tr><td><a href=\"http://snomed.info/id/281254000\">281254000</a></td><td>Large bowel obstruction (disorder)</td></tr><tr><td><a href=\"http://snomed.info/id/39270003\">39270003</a></td><td>Lysis of adhesions (procedure)</td></tr><tr><td><a href=\"http://snomed.info/id/63185002\">63185002</a></td><td>Laparoscopy with biopsy (procedure)</td></tr><tr><td><a href=\"http://snomed.info/id/81516001\">81516001</a></td><td>Partial nephrectomy (procedure)</td></tr><tr><td><a href=\"http://snomed.info/id/236335000\">236335000</a></td><td>Subcapsular orchidectomy (procedure)</td></tr><tr><td><a href=\"http://snomed.info/id/116171002\">116171002</a></td><td>Radical inguinal orchiectomy (procedure)</td></tr><tr><td><a href=\"http://snomed.info/id/176599002\">176599002</a></td><td>Partial vulvectomy (procedure)</td></tr><tr><td><a href=\"http://snomed.info/id/234250009\">234250009</a></td><td>Block dissection of pelvic lymph nodes (procedure)</td></tr><tr><td><a href=\"http://snomed.info/id/116142003\">116142003</a></td><td>Radical hysterectomy (procedure)</td></tr><tr><td><a href=\"http://snomed.info/id/116141005\">116141005</a></td><td>Abdominal hysterectomy (procedure)</td></tr><tr><td><a href=\"http://snomed.info/id/83152002\">83152002</a></td><td>Oophorectomy (procedure)</td></tr><tr><td><a href=\"http://snomed.info/id/61174009\">61174009</a></td><td>Transposition of ovary (procedure)</td></tr><tr><td><a href=\"http://snomed.info/id/236940003\">236940003</a></td><td>Second look laparoscopy (procedure)</td></tr><tr><td><a href=\"http://snomed.info/id/122460008\">122460008</a></td><td>Reexploration procedure (procedure)</td></tr><tr><td><a href=\"http://snomed.info/id/237370008\">237370008</a></td><td>Segmentectomy of breast (procedure)</td></tr><tr><td><a href=\"http://snomed.info/id/120146008\">120146008</a></td><td>Chest wall excision (procedure)</td></tr><tr><td><a href=\"http://snomed.info/id/1115001\">1115001</a></td><td>Decortication (procedure)</td></tr><tr><td><a href=\"http://snomed.info/id/234272006\">234272006</a></td><td>Biopsy of mediastinal lymph node (procedure)</td></tr><tr><td><a href=\"http://snomed.info/id/261531000\">261531000</a></td><td>Excision of rib (procedure)</td></tr><tr><td><a href=\"http://snomed.info/id/65651000\">65651000</a></td><td>Ligation of thoracic duct (procedure)</td></tr><tr><td><a href=\"http://snomed.info/id/40583006\">40583006</a></td><td>Resection of trachea (procedure)</td></tr><tr><td><a href=\"http://snomed.info/id/177754003\">177754003</a></td><td>Excision of lesion of chest wall (procedure)</td></tr><tr><td><a href=\"http://snomed.info/id/234270003\">234270003</a></td><td>Biopsy of cervical lymph node (procedure)</td></tr><tr><td><a href=\"http://snomed.info/id/75935006\">75935006</a></td><td>Thoracoscopic lobectomy of lung (procedure)</td></tr><tr><td><a href=\"http://snomed.info/id/235155001\">235155001</a></td><td>Endoscopic Congo Red Test (procedure)</td></tr><tr><td><a href=\"http://snomed.info/id/65808002\">65808002</a></td><td>Excision of presacral tumor (procedure)</td></tr><tr><td><a href=\"http://snomed.info/id/231552001\">231552001</a></td><td>Anterior orbitotomy (procedure)</td></tr><tr><td><a href=\"http://snomed.info/id/29513000\">29513000</a></td><td>Irrigation with syringe (procedure)</td></tr><tr><td><a href=\"http://snomed.info/id/76508002\">76508002</a></td><td>Rhytidoplasty of eyelid (procedure)</td></tr><tr><td><a href=\"http://snomed.info/id/75489002\">75489002</a></td><td>Blepharoplasty of bilateral upper and lower eyelids (procedure)</td></tr><tr><td><a href=\"http://snomed.info/id/371394007\">371394007</a></td><td>Removal of scleral buckle (procedure)</td></tr><tr><td><a href=\"http://snomed.info/id/59077004\">59077004</a></td><td>Canthotomy (procedure)</td></tr><tr><td><a href=\"http://snomed.info/id/397537003\">397537003</a></td><td>Laser cycloablation (procedure)</td></tr><tr><td><a href=\"http://snomed.info/id/258485006\">258485006</a></td><td>Corneal scraping specimen (specimen)</td></tr><tr><td><a href=\"http://snomed.info/id/231728005\">231728005</a></td><td>Repair of prolapsed iris (procedure)</td></tr><tr><td><a href=\"http://snomed.info/id/231607009\">231607009</a></td><td>Correction of entropion of lower eyelid (procedure)</td></tr><tr><td><a href=\"http://snomed.info/id/231612005\">231612005</a></td><td>Correction of entropion of upper eyelid (procedure)</td></tr><tr><td><a href=\"http://snomed.info/id/69769008\">69769008</a></td><td>Repair of blepharoptosis (procedure)</td></tr><tr><td><a href=\"http://snomed.info/id/50489001\">50489001</a></td><td>Repair of telecanthus (procedure)</td></tr><tr><td><a href=\"http://snomed.info/id/87539000\">87539000</a></td><td>Cryotherapy of eyelid (procedure)</td></tr><tr><td><a href=\"http://snomed.info/id/172214005\">172214005</a></td><td>Cryotherapy to lesion of eyelid (procedure)</td></tr><tr><td><a href=\"http://snomed.info/id/71091006\">71091006</a></td><td>Cryotherapy of ciliary body (procedure)</td></tr><tr><td><a href=\"http://snomed.info/id/231631004\">231631004</a></td><td>Dacryocystorhinostomy and insertion of tube (procedure)</td></tr><tr><td><a href=\"http://snomed.info/id/75745001\">75745001</a></td><td>Dacryocystotomy (procedure)</td></tr><tr><td><a href=\"http://snomed.info/id/55272009\">55272009</a></td><td>Dacryocystectomy (procedure)</td></tr><tr><td><a href=\"http://snomed.info/id/172261006\">172261006</a></td><td>Drainage of lesion of eyelid (procedure)</td></tr><tr><td><a href=\"http://snomed.info/id/172172005\">172172005</a></td><td>Drainage of orbit (procedure)</td></tr><tr><td><a href=\"http://snomed.info/id/48957009\">48957009</a></td><td>Epilation by electrolysis (procedure)</td></tr><tr><td><a href=\"http://snomed.info/id/39250009\">39250009</a></td><td>Enucleation (procedure)</td></tr><tr><td><a href=\"http://snomed.info/id/14509009\">14509009</a></td><td>Evisceration (procedure)</td></tr><tr><td><a href=\"http://snomed.info/id/75588007\">75588007</a></td><td>Excision of lesion of cornea (procedure)</td></tr><tr><td><a href=\"http://snomed.info/id/36436000\">36436000</a></td><td>Excision of lesion of eyebrow (procedure)</td></tr><tr><td><a href=\"http://snomed.info/id/172212009\">172212009</a></td><td>Excision of lesion of eyelid (procedure)</td></tr><tr><td><a href=\"http://snomed.info/id/47487006\">47487006</a></td><td>Excision of lesion of iris (procedure)</td></tr><tr><td><a href=\"http://snomed.info/id/60712003\">60712003</a></td><td>Excision of lesion of sclera (procedure)</td></tr><tr><td><a href=\"http://snomed.info/id/172196000\">172196000</a></td><td>Excision of lesion of canthus (procedure)</td></tr><tr><td><a href=\"http://snomed.info/id/397112000\">397112000</a></td><td>Simple excision of pterygium (procedure)</td></tr><tr><td><a href=\"http://snomed.info/id/2242005\">2242005</a></td><td>Reconstruction of eyelid (procedure)</td></tr><tr><td><a href=\"http://snomed.info/id/1004085005\">1004085005</a></td><td>Injection of filling material into eyelid (procedure)</td></tr><tr><td><a href=\"http://snomed.info/id/240988007\">240988007</a></td><td>Division of flap (procedure)</td></tr><tr><td><a href=\"http://snomed.info/id/400929002\">400929002</a></td><td>Forced duction test (procedure)</td></tr><tr><td><a href=\"http://snomed.info/id/783539008\">783539008</a></td><td>Full thickness graft of skin to skin (procedure)</td></tr><tr><td><a href=\"http://snomed.info/id/265292003\">265292003</a></td><td>Goniotomy (procedure)</td></tr><tr><td><a href=\"http://snomed.info/id/4143006\">4143006</a></td><td>Injection of anterior chamber of eye (procedure)</td></tr><tr><td><a href=\"http://snomed.info/id/310557005\">310557005</a></td><td>Partial thickness corneal graft (substance)</td></tr><tr><td><a href=\"http://snomed.info/id/83694000\">83694000</a></td><td>Lamellar keratoplasty (procedure)</td></tr><tr><td><a href=\"http://snomed.info/id/46082001\">46082001</a></td><td>Lateral orbitotomy (procedure)</td></tr><tr><td><a href=\"http://snomed.info/id/419767009\">419767009</a></td><td>Bimanual microincisional phacoemulsification of cataract with intraocular lens implantation (procedure)</td></tr><tr><td><a href=\"http://snomed.info/id/92829008\">92829008</a></td><td>Glaucoma due to combination of mechanisms (disorder)</td></tr><tr><td><a href=\"http://snomed.info/id/172389006\">172389006</a></td><td>Mucosal graft to conjunctiva (procedure)</td></tr><tr><td><a href=\"http://snomed.info/id/86088003\">86088003</a></td><td>Centesis (procedure)</td></tr><tr><td><a href=\"http://snomed.info/id/42101009\">42101009</a></td><td>Penetrating keratoplasty (procedure)</td></tr><tr><td><a href=\"http://snomed.info/id/231724007\">231724007</a></td><td>Peripheral iridectomy (procedure)</td></tr><tr><td><a href=\"http://snomed.info/id/84149000\">84149000</a></td><td>Aspiration of cataract by phacoemulsification (procedure)</td></tr><tr><td><a href=\"http://snomed.info/id/172426003\">172426003</a></td><td>Removal of foreign body from cornea (procedure)</td></tr><tr><td><a href=\"http://snomed.info/id/172498005\">172498005</a></td><td>Removal of foreign body from iris (procedure)</td></tr><tr><td><a href=\"http://snomed.info/id/172173000\">172173000</a></td><td>Removal of foreign body from orbit (procedure)</td></tr><tr><td><a href=\"http://snomed.info/id/36884001\">36884001</a></td><td>Repair of recurrent dislocation of patella (procedure)</td></tr><tr><td><a href=\"http://snomed.info/id/58992007\">58992007</a></td><td>Complete patellectomy (procedure)</td></tr><tr><td><a href=\"http://snomed.info/id/52050007\">52050007</a></td><td>Pelvic osteotomy (procedure)</td></tr><tr><td><a href=\"http://snomed.info/id/178677007\">178677007</a></td><td>Posterior decompression of fracture of spine (procedure)</td></tr><tr><td><a href=\"http://snomed.info/id/52734007\">52734007</a></td><td>Total replacement of hip (procedure)</td></tr><tr><td><a href=\"http://snomed.info/id/785850002\">785850002</a></td><td>Reverse prosthetic total arthroplasty of shoulder (procedure)</td></tr><tr><td><a href=\"http://snomed.info/id/56060000\">56060000</a></td><td>Repair of musculotendinous cuff of shoulder (procedure)</td></tr><tr><td><a href=\"http://snomed.info/id/18557009\">18557009</a></td><td>Closure by suture (procedure)</td></tr><tr><td><a href=\"http://snomed.info/id/80469007\">80469007</a></td><td>Arthroplasty of shoulder for recurrent dislocation (procedure)</td></tr><tr><td><a href=\"http://snomed.info/id/239468007\">239468007</a></td><td>Arthroplasty of shoulder (procedure)</td></tr><tr><td><a href=\"http://snomed.info/id/69446009\">69446009</a></td><td>Skeletal traction (procedure)</td></tr><tr><td><a href=\"http://snomed.info/id/304040003\">304040003</a></td><td>Grafting to skin (procedure)</td></tr><tr><td><a href=\"http://snomed.info/id/6779009\">6779009</a></td><td>Open treatment of slipped femoral epiphysis (procedure)</td></tr><tr><td><a href=\"http://snomed.info/id/55705006\">55705006</a></td><td>Spinal arthrodesis (procedure)</td></tr><tr><td><a href=\"http://snomed.info/id/35443000\">35443000</a></td><td>Diagnostic radiography supine and erect of thoracic and lumbar spine for scoliosis (procedure)</td></tr><tr><td><a href=\"http://snomed.info/id/122478003\">122478003</a></td><td>Synovial biopsy (procedure)</td></tr><tr><td><a href=\"http://snomed.info/id/45247004\">45247004</a></td><td>Lengthening of tendon (procedure)</td></tr><tr><td><a href=\"http://snomed.info/id/281758003\">281758003</a></td><td>Repair of tendon (procedure)</td></tr><tr><td><a href=\"http://snomed.info/id/178156005\">178156005</a></td><td>Repair of tendo achilles (procedure)</td></tr><tr><td><a href=\"http://snomed.info/id/264983002\">264983002</a></td><td>Transfer of tendon (procedure)</td></tr><tr><td><a href=\"http://snomed.info/id/179836002\">179836002</a></td><td>Release of torticollis (procedure)</td></tr><tr><td><a href=\"http://snomed.info/id/609588000\">609588000</a></td><td>Total knee replacement (procedure)</td></tr><tr><td><a href=\"http://snomed.info/id/27813003\">27813003</a></td><td>Intra-articular injection (procedure)</td></tr><tr><td><a href=\"http://snomed.info/id/13714004\">13714004</a></td><td>Arthroscopy (procedure)</td></tr><tr><td><a href=\"http://snomed.info/id/239430005\">239430005</a></td><td>Ligament reconstruction (procedure)</td></tr><tr><td><a href=\"http://snomed.info/id/179353004\">179353004</a></td><td>Revision uncemented total knee replacement (procedure)</td></tr><tr><td><a href=\"http://snomed.info/id/86052008\">86052008</a></td><td>Closed reduction of fracture (procedure)</td></tr><tr><td><a href=\"http://snomed.info/id/302489004\">302489004</a></td><td>Removal of complete external fixator (procedure)</td></tr><tr><td><a href=\"http://snomed.info/id/180293003\">180293003</a></td><td>Change of plaster jacket (procedure)</td></tr><tr><td><a href=\"http://snomed.info/id/90131007\">90131007</a></td><td>Arthrocentesis (procedure)</td></tr><tr><td><a href=\"http://snomed.info/id/239667008\">239667008</a></td><td>Application of above elbow plaster cast (procedure)</td></tr><tr><td><a href=\"http://snomed.info/id/239676001\">239676001</a></td><td>Application of below knee plaster cast (procedure)</td></tr><tr><td><a href=\"http://snomed.info/id/63097004\">63097004</a></td><td>Application of long leg cast (procedure)</td></tr><tr><td><a href=\"http://snomed.info/id/180289009\">180289009</a></td><td>Application of plaster cast (procedure)</td></tr><tr><td><a href=\"http://snomed.info/id/37354008\">37354008</a></td><td>Application of shoulder spica (procedure)</td></tr><tr><td><a href=\"http://snomed.info/id/127599007\">127599007</a></td><td>Application of hip spica cast (procedure)</td></tr><tr><td><a href=\"http://snomed.info/id/81666003\">81666003</a></td><td>Strapping of ankle (procedure)</td></tr><tr><td><a href=\"http://snomed.info/id/85046002\">85046002</a></td><td>Strapping of elbow (procedure)</td></tr><tr><td><a href=\"http://snomed.info/id/24459003\">24459003</a></td><td>Strapping of finger (procedure)</td></tr><tr><td><a href=\"http://snomed.info/id/21288003\">21288003</a></td><td>Strapping of knee (procedure)</td></tr><tr><td><a href=\"http://snomed.info/id/229535006\">229535006</a></td><td>Shoulder strapping (procedure)</td></tr><tr><td><a href=\"http://snomed.info/id/41029007\">41029007</a></td><td>Strapping of toes (procedure)</td></tr><tr><td><a href=\"http://snomed.info/id/21411002\">21411002</a></td><td>Strapping of wrist (procedure)</td></tr><tr><td><a href=\"http://snomed.info/id/30549001\">30549001</a></td><td>Removal of suture (procedure)</td></tr><tr><td><a href=\"http://snomed.info/id/58825001\">58825001</a></td><td>Closed reduction of dislocation (procedure)</td></tr><tr><td><a href=\"http://snomed.info/id/70163005\">70163005</a></td><td>Excision of ganglion cyst (procedure)</td></tr><tr><td><a href=\"http://snomed.info/id/284101009\">284101009</a></td><td>Removal of implant (procedure)</td></tr><tr><td><a href=\"http://snomed.info/id/76699006\">76699006</a></td><td>Ligamentous reconstruction of knee, intra-articular and extra-articular (procedure)</td></tr><tr><td><a href=\"http://snomed.info/id/387731002\">387731002</a></td><td>Excision of lamina of vertebra (procedure)</td></tr><tr><td><a href=\"http://snomed.info/id/78918006\">78918006</a></td><td>Open reduction of dislocation (procedure)</td></tr><tr><td><a href=\"http://snomed.info/id/178668000\">178668000</a></td><td>Percutaneous discectomy (procedure)</td></tr><tr><td><a href=\"http://snomed.info/id/311479006\">311479006</a></td><td>Spinal instrumentation (procedure)</td></tr><tr><td><a href=\"http://snomed.info/id/439303004\">439303004</a></td><td>Application of rigid total contact leg cast (procedure)</td></tr><tr><td><a href=\"http://snomed.info/id/2337004\">2337004</a></td><td>Adductor tenotomy of hip (procedure)</td></tr><tr><td><a href=\"http://snomed.info/id/239267000\">239267000</a></td><td>Release of trigger finger (procedure)</td></tr><tr><td><a href=\"http://snomed.info/id/239644006\">239644006</a></td><td>Application of pelvic traction (procedure)</td></tr><tr><td><a href=\"http://snomed.info/id/178789004\">178789004</a></td><td>Manipulation of spine using traction (procedure)</td></tr><tr><td><a href=\"http://snomed.info/id/450671005\">450671005</a></td><td>Debridement of soft tissue (procedure)</td></tr><tr><td><a href=\"http://snomed.info/id/179709006\">179709006</a></td><td>Total synovectomy of joint (procedure)</td></tr><tr><td><a href=\"http://snomed.info/id/387821004\">387821004</a></td><td>Spinal deformity correction (procedure)</td></tr><tr><td><a href=\"http://snomed.info/id/428845007\">428845007</a></td><td>Intramedullary fixation with cementing of bone (procedure)</td></tr><tr><td><a href=\"http://snomed.info/id/179892002\">179892002</a></td><td>Arthroscopic reattachment glenoid labrum (procedure)</td></tr><tr><td><a href=\"http://snomed.info/id/699120002\">699120002</a></td><td>Arthroscopic repair of rotator cuff (procedure)</td></tr><tr><td><a href=\"http://snomed.info/id/301761003\">301761003</a></td><td>Arthroscopic synovial biopsy (procedure)</td></tr><tr><td><a href=\"http://snomed.info/id/265106004\">265106004</a></td><td>Insertion of Austin-Moore prosthesis (procedure)</td></tr><tr><td><a href=\"http://snomed.info/id/439756000\">439756000</a></td><td>Open reduction of bimalleolar fracture of lateral and medial malleoli with internal fixation (procedure)</td></tr><tr><td><a href=\"http://snomed.info/id/61916001\">61916001</a></td><td>Injection into bone marrow (procedure)</td></tr><tr><td><a href=\"http://snomed.info/id/239690003\">239690003</a></td><td>Application of buttress strapping (procedure)</td></tr><tr><td><a href=\"http://snomed.info/id/239329001\">239329001</a></td><td>Excision of bone (procedure)</td></tr><tr><td><a href=\"http://snomed.info/id/699119008\">699119008</a></td><td>Repair of medial ligament of talocrural joint (procedure)</td></tr><tr><td><a href=\"http://snomed.info/id/708899000\">708899000</a></td><td>Closed reduction of fracture of femur and internal fixation using dynamic condylar screw plate (procedure)</td></tr><tr><td><a href=\"http://snomed.info/id/239619003\">239619003</a></td><td>Dynamization of external fixator (procedure)</td></tr><tr><td><a href=\"http://snomed.info/id/239259008\">239259008</a></td><td>Lengthening of tendons or muscles of the flexor compartment of the forearm (procedure)</td></tr><tr><td><a href=\"http://snomed.info/id/179537001\">179537001</a></td><td>Excision arthroplasty (procedure)</td></tr><tr><td><a href=\"http://snomed.info/id/385523005\">385523005</a></td><td>External fixator using Ilizarov system (physical object)</td></tr><tr><td><a href=\"http://snomed.info/id/440418007\">440418007</a></td><td>Open reduction of fracture of medial malleolus with internal fixation (procedure)</td></tr><tr><td><a href=\"http://snomed.info/id/239432002\">239432002</a></td><td>Reconstruction of posterior cruciate ligament of knee joint (procedure)</td></tr><tr><td><a href=\"http://snomed.info/id/69171004\">69171004</a></td><td>Excision of radial head (procedure)</td></tr><tr><td><a href=\"http://snomed.info/id/56153009\">56153009</a></td><td>Reconstruction of radial head (procedure)</td></tr><tr><td><a href=\"http://snomed.info/id/112694000\">112694000</a></td><td>Saucerization (procedure)</td></tr><tr><td><a href=\"http://snomed.info/id/313295000\">313295000</a></td><td>Fixation of fracture using Herbert screw (procedure)</td></tr><tr><td><a href=\"http://snomed.info/id/257949002\">257949002</a></td><td>Tension band wiring of fracture (procedure)</td></tr><tr><td><a href=\"http://snomed.info/id/178493006\">178493006</a></td><td>Alveolar bone graft (procedure)</td></tr><tr><td><a href=\"http://snomed.info/id/180673001\">180673001</a></td><td>Cross finger flap (substance)</td></tr><tr><td><a href=\"http://snomed.info/id/384686000\">384686000</a></td><td>Reattachment of lower extremity (procedure)</td></tr><tr><td><a href=\"http://snomed.info/id/307554005\">307554005</a></td><td>Reconstruction of nose with flap (procedure)</td></tr><tr><td><a href=\"http://snomed.info/id/782787005\">782787005</a></td><td>Split thickness graft of skin (substance)</td></tr><tr><td><a href=\"http://snomed.info/id/284079008\">284079008</a></td><td>Revision of scar (procedure)</td></tr><tr><td><a href=\"http://snomed.info/id/405444008\">405444008</a></td><td>Revision of amputation of foot (procedure)</td></tr><tr><td><a href=\"http://snomed.info/id/240995003\">240995003</a></td><td>Release of burns contracture (procedure)</td></tr><tr><td><a href=\"http://snomed.info/id/231619001\">231619001</a></td><td>Surgical dehiscence of the aponeurotic insertion of Muller's muscle (procedure)</td></tr><tr><td><a href=\"http://snomed.info/id/52781008\">52781008</a></td><td>Congenital hip dysplasia (disorder)</td></tr><tr><td><a href=\"http://snomed.info/id/367411006\">367411006</a></td><td>Hamstring tendon transfer (procedure)</td></tr><tr><td><a href=\"http://snomed.info/id/32492002\">32492002</a></td><td>Excision of accessory navicular bone (procedure)</td></tr><tr><td><a href=\"http://snomed.info/id/308446007\">308446007</a></td><td>Excision of distal end of ulna (procedure)</td></tr><tr><td><a href=\"http://snomed.info/id/158965000\">158965000</a></td><td>Medical practitioner (occupation)</td></tr><tr><td><a href=\"http://snomed.info/id/303133007\">303133007</a></td><td>Responsible medical officer (occupation)</td></tr></table></li></ul></div>"},"url":"https://nrces.in/ndhm/fhir/r4/ValueSet/ndhm-productorservice","version":"6.0.0","name":"ProductorService","title":"ProductorService","status":"draft","experimental":false,"date":"2022-07-14","publisher":"National Resource Center for EHR Standards","contact":[{"telecom":[{"system":"url","value":"http://nrces.in/"}]}],"description":"This value set includes codes for product or service from SNOMEDCT","jurisdiction":[{"coding":[{"system":"urn:iso:std:iso:3166","code":"IN"}]}],"copyright":"This value set includes content from SNOMED CT, which is copyright © 2002+ International Health Terminology Standards Development Organisation (IHTSDO), and distributed by agreement between IHTSDO and HL7. Implementer use of SNOMED CT is not covered by this agreement","compose":{"include":[{"system":"http://snomed.info/sct","concept":[{"code":"416113008","display":"Febrile disorder"},{"code":"91302008","display":"Sepsis"},{"code":"76571007","display":"Septic shock"},{"code":"61462000","display":"Malaria"},{"code":"38362002","display":"Dengue"},{"code":"20927009","display":"Dengue hemorrhagic fever"},{"code":"409671005","display":"Dengue shock syndrome"},{"code":"111864006","display":"Chikungunya fever"},{"code":"4834000","display":"Typhoid fever"},{"code":"81000119104","display":"Symptomatic human immunodeficiency virus infection"},{"code":"77377001","display":"Leptospirosis"},{"code":"236071009","display":"Chronic diarrhea"},{"code":"409966000","display":"Acute diarrhea"},{"code":"46799006","display":"Dysenteric diarrhea"},{"code":"57412004","display":"Acute viral hepatitis"},{"code":"76783007","display":"Chronic hepatitis"},{"code":"27916005","display":"Abscess of liver"},{"code":"186803007","display":"Visceral leishmaniasis"},{"code":"233604007","display":"Pneumonia"},{"code":"312682007","display":"Empyema"},{"code":"67256000","display":"Tuberculosis of pericardium"},{"code":"186182003","display":"Tuberculosis of pleura"},{"code":"68566005","display":"Urinary tract infectious disease"},{"code":"34476008","display":"Viral encephalitis"},{"code":"48245008","display":"Bacterial arthritis"},{"code":"19824006","display":"Infection of skin and/or subcutaneous tissue"},{"code":"7520000","display":"Pyrexia of unknown origin"},{"code":"12295008","display":"Bronchiectasis"},{"code":"10509002","display":"Acute bronchitis"},{"code":"195951007","display":"Acute exacerbation of chronic obstructive airways disease"},{"code":"233703007","display":"Interstitial lung disease"},{"code":"301183007","display":"Bacterial endocarditis"},{"code":"86348002","display":"Mycotic endocarditis"},{"code":"31996006","display":"Vasculitis"},{"code":"197456007","display":"Acute pancreatitis"},{"code":"235494005","display":"Chronic pancreatitis"},{"code":"389026000","display":"Ascites"},{"code":"47000000","display":"Acute transverse myelitis"},{"code":"49436004","display":"Atrial fibrillation"},{"code":"35304003","display":"Cardiac tamponade"},{"code":"42343007","display":"Congestive heart failure"},{"code":"708038006","display":"Acute exacerbation of asthma"},{"code":"733858005","display":"Acute severe refractory exacerbation of asthma"},{"code":"233765002","display":"Respiratory failure without hypercapnia"},{"code":"709109004","display":"Hypercapnic respiratory failure"},{"code":"409622000","display":"Respiratory failure"},{"code":"363732003","display":"Addison's disease"},{"code":"7093002","display":"Renal colic"},{"code":"42399005","display":"Renal failure syndrome"},{"code":"128613002","display":"Seizure disorder"},{"code":"230456007","display":"Status epilepticus"},{"code":"230690007","display":"Cerebrovascular accident"},{"code":"192759008","display":"Cerebral venous sinus thrombosis"},{"code":"422504002","display":"Ischemic stroke"},{"code":"274100004","display":"Cerebral hemorrhage"},{"code":"24700007","display":"Multiple sclerosis"},{"code":"74772000","display":"Meningomyelitis"},{"code":"25044007","display":"Neuromyelitis optica"},{"code":"16631009","display":"Transverse myelopathy syndrome"},{"code":"230745008","display":"Hydrocephalus"},{"code":"21263006","display":"Myxedema coma"},{"code":"29028009","display":"Thyrotoxic crisis"},{"code":"90560007","display":"Inflammatory disorder due to increased blood urate level"},{"code":"36118008","display":"Pneumothorax"},{"code":"257277002","display":"Combined disorder of muscle AND peripheral nerve"},{"code":"302866003","display":"Hypoglycemia"},{"code":"280137006","display":"Diabetic foot"},{"code":"420422005","display":"Ketoacidosis due to diabetes mellitus"},{"code":"66931009","display":"Hypercalcemia"},{"code":"5291005","display":"Hypocalcemia"},{"code":"89627008","display":"Hyponatremia"},{"code":"771115008","display":"Hypernatremia"},{"code":"421966007","display":"Non-ketotic non-hyperosmolar coma due to diabetes mellitus"},{"code":"78975002","display":"Malignant essential hypertension"},{"code":"132721000119104","display":"Hypertensive emergency"},{"code":"127040003","display":"Sickle cell-hemoglobin SS disease"},{"code":"39579001","display":"Anaphylaxis"},{"code":"52072009","display":"Heat stroke"},{"code":"55464009","display":"Systemic lupus erythematosus"},{"code":"40956001","display":"Guillain-Barré syndrome"},{"code":"61288004","display":"Poisoning caused by venomous snake"},{"code":"8260003","display":"Organophosphate poisoning"},{"code":"75478009","display":"Poisoning"},{"code":"302497006","display":"Hemodialysis"},{"code":"71192002","display":"Peritoneal dialysis"},{"code":"20720000","display":"Plasmapheresis"},{"code":"33389009","display":"Transfusion of whole blood"},{"code":"54790000","display":"Transfusion of blood component"},{"code":"363679005","display":"Imaging"},{"code":"252416005","display":"Histopathology test"},{"code":"86273004","display":"Biopsy"},{"code":"45900003","display":"Esophagectomy"},{"code":"307332009","display":"Esophagectomy and colonic interposition"},{"code":"708987006","display":"Laparoscopic total gastrectomy"},{"code":"26452005","display":"Total gastrectomy"},{"code":"54956002","display":"Gastrostomy"},{"code":"72971003","display":"Gastrojejunostomy with vagotomy"},{"code":"46381000","display":"Truncal vagotomy with pyloroplasty"},{"code":"287811008","display":"Perforated peptic ulcer closure"},{"code":"235674005","display":"Perforation of stomach"},{"code":"270909006","display":"Duodenal perforation"},{"code":"363742001","display":"Pyloroplasty"},{"code":"173788005","display":"Pyloromyotomy"},{"code":"49245001","display":"Bypass gastrojejunostomy"},{"code":"238280007","display":"Drainage of peritoneal pseudocyst"},{"code":"238275003","display":"Drainage of peritoneal cyst"},{"code":"75389003","display":"Pancreaticocystogastrostomy"},{"code":"234321000","display":"Splenic cystogastrostomy"},{"code":"234322007","display":"Splenic cystojejunostomy"},{"code":"238278001","display":"Peritoneal cystojejunostomy"},{"code":"238279009","display":"Peritoneal cystogastrostomy"},{"code":"174740002","display":"Open cystogastrotomy of pancreas"},{"code":"62937006","display":"Feeding enterostomy of jejunum"},{"code":"301784005","display":"Ileostomy operation"},{"code":"67389003","display":"Diverticulectomy of duodenum"},{"code":"61218006","display":"Excision of Meckel's diverticulum"},{"code":"80146002","display":"Excision of appendix"},{"code":"6025007","display":"Laparoscopic appendectomy"},{"code":"47693006","display":"Rupture of appendix"},{"code":"174052001","display":"Drainage of appendix abscess"},{"code":"26390003","display":"Total colectomy"},{"code":"787874000","display":"Laparoscopic total colectomy"},{"code":"359571009","display":"Right colectomy"},{"code":"50774009","display":"Laparoscopic-assisted right colectomy"},{"code":"82619000","display":"Left colectomy"},{"code":"41330009","display":"Laparoscopic-assisted left colectomy"},{"code":"398740003","display":"Colostomy"},{"code":"1805005","display":"Surgical closure of stoma"},{"code":"84604002","display":"Sigmoid colectomy"},{"code":"174286001","display":"Perineal operations for rectal prolapse"},{"code":"73921006","display":"Repair of rectal prolapse by abdominal approach"},{"code":"440032004","display":"Laparoscopic fixation of prolapse of rectum"},{"code":"274031008","display":"Rectal polypectomy"},{"code":"4558008","display":"Anterior resection of rectum"},{"code":"90527009","display":"Laparoscopic-assisted anterior resection of rectum"},{"code":"315328007","display":"Anterior resection of rectum with anastomosis"},{"code":"392027008","display":"Anal fissurectomy"},{"code":"24496007","display":"Hemorrhoidectomy"},{"code":"412737002","display":"Stapling of hemorrhoid"},{"code":"174396007","display":"Pilonidal sinus operation"},{"code":"107808005","display":"Accessory sinus excision"},{"code":"302392001","display":"Curettage of sinus"},{"code":"74770008","display":"Exploratory laparotomy"},{"code":"177916006","display":"Resuture of burst abdomen"},{"code":"107963000","display":"Liver excision"},{"code":"708590009","display":"Laparoscopic wedge resection of liver"},{"code":"708589000","display":"Laparoscopic resection of segment of liver"},{"code":"38102005","display":"Cholecystectomy"},{"code":"45993005","display":"Cholecystectomy with exploration of common duct"},{"code":"45595009","display":"Laparoscopic cholecystectomy"},{"code":"67557008","display":"Laparoscopic cholecystectomy with exploration of common duct"},{"code":"66361005","display":"Excision of choledochal cyst"},{"code":"234319005","display":"Splenectomy"},{"code":"174776001","display":"Total splenectomy"},{"code":"314118002","display":"Laparoscopic total splenectomy"},{"code":"446408009","display":"Laparoscopic excision of part of spleen"},{"code":"173747005","display":"Roux-en-Y gastrojejunostomy"},{"code":"91516004","display":"Distal subtotal pancreatectomy with pancreaticojejunostomy"},{"code":"116241004","display":"Pancreaticoduodenectomy"},{"code":"20767001","display":"Shunt of portal vein to vena cava"},{"code":"175793006","display":"Mesocaval shunt"},{"code":"238299003","display":"Excision of mesenteric cyst"},{"code":"92433007","display":"Benign neoplasm of retroperitoneum"},{"code":"608797008","display":"Open repair of inguinal hernia"},{"code":"15018006","display":"Laparoscopic repair of inguinal hernia"},{"code":"608796004","display":"Open repair of femoral hernia"},{"code":"608789001","display":"Laparoscopic repair of femoral hernia"},{"code":"608790005","display":"Laparoscopic repair of obturator hernia"},{"code":"238184006","display":"Repair of epigastric hernia"},{"code":"44946007","display":"Repair of umbilical hernia"},{"code":"9877001","display":"Repair of paraumbilical hernia"},{"code":"15694008","display":"Repair of spigelian hernia"},{"code":"238187004","display":"Repair of incisional hernia"},{"code":"9292007","display":"Esophageal hiatus hernia repair"},{"code":"413181005","display":"Laparoscopic repair of hiatus hernia"},{"code":"359890009","display":"Fundoplication"},{"code":"359893006","display":"Total fundoplication"},{"code":"78656005","display":"Laparoscopic fundoplication"},{"code":"21810005","display":"Excision of lesion of scrotum"},{"code":"236326007","display":"Excision of multiple scrotal sebaceous cysts"},{"code":"236347006","display":"Hydrocele operation"},{"code":"176481007","display":"Excision of cyst of epididymis"},{"code":"176490000","display":"Reversal of vasectomy"},{"code":"236334001","display":"Total orchidectomy"},{"code":"178286005","display":"Block dissection of inguinal lymph nodes"},{"code":"112851007","display":"Full thickness excision of lip, reconstruction with local flap"},{"code":"20418004","display":"Wedge resection"},{"code":"173225009","display":"Wedge excision of lip"},{"code":"39562007","display":"Vermilionectomy"},{"code":"173218002","display":"Excision of vermilion border and advancement of lip mucosa"},{"code":"359703006","display":"Total glossectomy"},{"code":"177124000","display":"Biopsy of tongue"},{"code":"173357008","display":"Removal of lesion of tongue"},{"code":"234246002","display":"Selective neck dissection of cervical lymph nodes"},{"code":"59687004","display":"Excision of laryngeal polyp"},{"code":"308030005","display":"Microlaryngoscopic vocal cord polypectomy"},{"code":"173490007","display":"Excision of lesion of submandibular gland"},{"code":"45685007","display":"Radical neck dissection"},{"code":"178347009","display":"Excision of branchial cyst"},{"code":"233401008","display":"Excision of carotid body tumor"},{"code":"302338000","display":"Lobectomy of thyroid gland"},{"code":"24443003","display":"Total thyroidectomy"},{"code":"237486002","display":"Total thyroidectomy with cervical lymph node dissection"},{"code":"287258006","display":"Parathyroid adenoma excision"},{"code":"399750009","display":"Excision of thymus"},{"code":"57071006","display":"Sympathectomy"},{"code":"392021009","display":"Lumpectomy of breast"},{"code":"172043006","display":"Simple mastectomy"},{"code":"406505007","display":"Modified radical mastectomy"},{"code":"384723003","display":"Radical mastectomy"},{"code":"172106007","display":"Excision of fistula of mammary duct"},{"code":"238356005","display":"Intercostal drain removal"},{"code":"177789001","display":"Excision of rib and open drainage of pleural cavity"},{"code":"238332006","display":"Total thoracoplasty"},{"code":"26411001","display":"Decortication of lung and parietal pleurectomy"},{"code":"75935006","display":"Thoracoscopic lobectomy of lung"},{"code":"173171007","display":"Lobectomy of lung"},{"code":"444188003","display":"Thoracoscopic wedge resection of lung"},{"code":"284181007","display":"Incision and drainage of abscess"},{"code":"274068006","display":"Excision of lipoma"},{"code":"428297005","display":"Excision of cyst"},{"code":"440258006","display":"Excision of skin"},{"code":"312775003","display":"Debridement of ulcer"},{"code":"771225007","display":"Reconstruction using free flap"},{"code":"119561005","display":"Grafting procedure"},{"code":"265675003","display":"Split thickness graft of skin to skin"},{"code":"304039000","display":"Skin flap operation"},{"code":"264983002","display":"Transfer of tendon"},{"code":"107996003","display":"Lymphatic system excision"},{"code":"27929005","display":"Arteriovenous fistulization"},{"code":"717285003","display":"Vascular system care"},{"code":"21911005","display":"Biopsy of lymph node"},{"code":"447338009","display":"Aspiration of endometrium"},{"code":"171149006","display":"Screening for malignant neoplasm of cervix"},{"code":"50796003","display":"Cervical biopsy"},{"code":"274942001","display":"Biopsy of vulva"},{"code":"87515005","display":"Ileostomy management and care"},{"code":"25953003","display":"Colostomy management and care"},{"code":"10849003","display":"Removal of foreign body"},{"code":"225746001","display":"Ward (environment)"},{"code":"224663004","display":"Single room (environment)"},{"code":"67604003","display":"Household appliance (physical object)"},{"code":"5679009","display":"Bed sheet, device (physical object)"},{"code":"47448006","display":"Hot water (substance)"},{"code":"182591009","display":"Water bed (physical object)"},{"code":"229772003","display":"Bed (physical object)"},{"code":"1348009","display":"Day care center (environment)"},{"code":"25721000087108","display":"Emergency shelter (environment)"},{"code":"9632001","display":"Nursing procedure (procedure)"},{"code":"3895009","display":"Application of dressing (procedure)"},{"code":"401304009","display":"Service of nebulizer (procedure)"},{"code":"59108006","display":"Injection (procedure)"},{"code":"430033006","display":"Infusion pump (physical object)"},{"code":"159753002","display":"General caretaker (occupation)"},{"code":"116859006","display":"Transfusion of blood product (procedure)"},{"code":"11429006","display":"Consultation (procedure)"},{"code":"252465000","display":"Pulse oximetry (procedure)"},{"code":"309906004","display":"Burns unit (environment)"},{"code":"397771005","display":"High dependency unit (environment)"},{"code":"309907008","display":"Cardiac intensive care unit (environment)"},{"code":"409688003","display":"Hospital isolation room (environment)"},{"code":"309909006","display":"Neurological intensive care unit (environment)"},{"code":"398161000","display":"Postoperative anesthesia care unit (environment)"},{"code":"387713003","display":"Surgical procedure (procedure)"},{"code":"309904001","display":"Intensive care unit (environment)"},{"code":"182998008","display":"Intensive nursing care (regime/therapy)"},{"code":"61968008","display":"Syringe, device (physical object)"},{"code":"13288007","display":"Monitor, device (physical object)"},{"code":"23852006","display":"Cardiac monitoring (regime/therapy)"},{"code":"399217008","display":"Cardioassist by aortic balloon pump (procedure)"},{"code":"31394004","display":"Light therapy (procedure)"},{"code":"24099007","display":"Oxygen (substance)"},{"code":"706172005","display":"Ventilator (physical object)"},{"code":"424172009","display":"Dual pressure spontaneous ventilation support weaning protocol (regime/therapy)"},{"code":"225738002","display":"Operating room (environment)"},{"code":"257715004","display":"Theater (environment)"},{"code":"1255635002","display":"Birth room (environment)"},{"code":"122456005","display":"Laser device (physical object)"},{"code":"701418007","display":"C-arm drape (physical object)"},{"code":"423827005","display":"Endoscopy (procedure)"},{"code":"51316009","display":"Laparoscopic procedure (procedure)"},{"code":"272181003","display":"Clinical equipment and/or device (physical object)"},{"code":"462524004","display":"Neurosurgical ultrasonic navigation system (physical object)"},{"code":"80557002","display":"Drilling of bone (procedure)"},{"code":"118299005","display":"Semiconductor laser device (physical object)"},{"code":"310801006","display":"Ureteroscope (physical object)"},{"code":"312077001","display":"Flexible ureteroscope (physical object)"},{"code":"6012004","display":"Hearing aid, device (physical object)"},{"code":"63653004","display":"Biomedical device (physical object)"},{"code":"5776009","display":"Medicinal product acting as anesthetic agent (product)"},{"code":"86174004","display":"Laparoscope, device (physical object)"},{"code":"14106009","display":"Cardiac pacemaker, device (physical object)"},{"code":"704722004","display":"Dual chamber rate responsive implantable cardiac pacemaker (physical object)"},{"code":"705637003","display":"Drug-eluting coronary artery stent (physical object)"},{"code":"464052002","display":"Bare metal coronary artery stent (physical object)"},{"code":"356497001","display":"Bone cements (product)"},{"code":"303533002","display":"Hip joint implant (physical object)"},{"code":"63995005","display":"Bandage, device (physical object)"},{"code":"256246007","display":"Cotton - textile (physical object)"},{"code":"350785008","display":"Gauzes (physical object)"},{"code":"52291003","display":"Glove, device (physical object)"},{"code":"261382003","display":"Mask (physical object)"},{"code":"994005","display":"Brush, device (physical object)"},{"code":"48741003","display":"Toothpaste (substance)"},{"code":"25780000","display":"Soap (substance)"},{"code":"739000003","display":"Lotion (basic dose form)"},{"code":"255698008","display":"Shampoo (substance)"},{"code":"52065008","display":"Diaper, device (physical object)"},{"code":"40519001","display":"Binder, device (physical object)"},{"code":"74094004","display":"Belt, device (physical object)"},{"code":"228184002","display":"Stocking (physical object)"},{"code":"16650009","display":"Splint, device (physical object)"},{"code":"9096001","display":"Support, device (physical object)"},{"code":"51883004","display":"Sling, device (physical object)"},{"code":"272363005","display":"Fixed orthodontic appliance (physical object)"},{"code":"12150006","display":"Cannula, device (physical object)"},{"code":"255560000","display":"Intravenous (qualifier value)"},{"code":"19923001","display":"Catheter, device (physical object)"},{"code":"83059008","display":"Tube, device (physical object)"},{"code":"57134006","display":"Instrument, device (physical object)"},{"code":"408097009","display":"Strip (physical object)"},{"code":"369443003","display":"Bedpan (physical object)"},{"code":"91251008","display":"Physiotherapy (regime/therapy)"},{"code":"81375008","display":"Physical assessment (procedure)"},{"code":"386053000","display":"Evaluation procedure (procedure)"},{"code":"45900003","display":"Esophagectomy (procedure)"},{"code":"235162005","display":"Trans-hiatal esophagectomy (procedure)"},{"code":"90410003","display":"Wedge resection of stomach (procedure)"},{"code":"50774009","display":"Laparoscopic-assisted right colectomy (procedure)"},{"code":"174071004","display":"Extended right hemicolectomy (procedure)"},{"code":"41330009","display":"Laparoscopic-assisted left colectomy (procedure)"},{"code":"82619000","display":"Left colectomy (procedure)"},{"code":"235325001","display":"Extended left hemicolectomy (procedure)"},{"code":"26925005","display":"Transverse colectomy (procedure)"},{"code":"84604002","display":"Sigmoid colectomy (procedure)"},{"code":"1390003","display":"Laparoscopic-assisted sigmoid colectomy (procedure)"},{"code":"708913004","display":"Laparoscopic abdominoperineal resection using robotic assistance (procedure)"},{"code":"180056004","display":"Posterior exenteration of pelvis (procedure)"},{"code":"180055000","display":"Anterior exenteration of pelvis (procedure)"},{"code":"69036001","display":"Total pancreaticoduodenectomy (procedure)"},{"code":"61326000","display":"Hepatectomy, total right lobectomy (procedure)"},{"code":"63816008","display":"Hepatectomy, total left lobectomy (procedure)"},{"code":"281255004","display":"Small bowel obstruction (disorder)"},{"code":"281254000","display":"Large bowel obstruction (disorder)"},{"code":"39270003","display":"Lysis of adhesions (procedure)"},{"code":"63185002","display":"Laparoscopy with biopsy (procedure)"},{"code":"81516001","display":"Partial nephrectomy (procedure)"},{"code":"236335000","display":"Subcapsular orchidectomy (procedure)"},{"code":"116171002","display":"Radical inguinal orchiectomy (procedure)"},{"code":"176599002","display":"Partial vulvectomy (procedure)"},{"code":"234250009","display":"Block dissection of pelvic lymph nodes (procedure)"},{"code":"116142003","display":"Radical hysterectomy (procedure)"},{"code":"116141005","display":"Abdominal hysterectomy (procedure)"},{"code":"83152002","display":"Oophorectomy (procedure)"},{"code":"61174009","display":"Transposition of ovary (procedure)"},{"code":"236940003","display":"Second look laparoscopy (procedure)"},{"code":"122460008","display":"Reexploration procedure (procedure)"},{"code":"237370008","display":"Segmentectomy of breast (procedure)"},{"code":"120146008","display":"Chest wall excision (procedure)"},{"code":"1115001","display":"Decortication (procedure)"},{"code":"234272006","display":"Biopsy of mediastinal lymph node (procedure)"},{"code":"261531000","display":"Excision of rib (procedure)"},{"code":"65651000","display":"Ligation of thoracic duct (procedure)"},{"code":"40583006","display":"Resection of trachea (procedure)"},{"code":"177754003","display":"Excision of lesion of chest wall (procedure)"},{"code":"234270003","display":"Biopsy of cervical lymph node (procedure)"},{"code":"75935006","display":"Thoracoscopic lobectomy of lung (procedure)"},{"code":"235155001","display":"Endoscopic Congo Red Test (procedure)"},{"code":"65808002","display":"Excision of presacral tumor (procedure)"},{"code":"231552001","display":"Anterior orbitotomy (procedure)"},{"code":"29513000","display":"Irrigation with syringe (procedure)"},{"code":"76508002","display":"Rhytidoplasty of eyelid (procedure)"},{"code":"75489002","display":"Blepharoplasty of bilateral upper and lower eyelids (procedure)"},{"code":"371394007","display":"Removal of scleral buckle (procedure)"},{"code":"59077004","display":"Canthotomy (procedure)"},{"code":"397537003","display":"Laser cycloablation (procedure)"},{"code":"258485006","display":"Corneal scraping specimen (specimen)"},{"code":"231728005","display":"Repair of prolapsed iris (procedure)"},{"code":"231607009","display":"Correction of entropion of lower eyelid (procedure)"},{"code":"231612005","display":"Correction of entropion of upper eyelid (procedure)"},{"code":"69769008","display":"Repair of blepharoptosis (procedure)"},{"code":"50489001","display":"Repair of telecanthus (procedure)"},{"code":"87539000","display":"Cryotherapy of eyelid (procedure)"},{"code":"172214005","display":"Cryotherapy to lesion of eyelid (procedure)"},{"code":"71091006","display":"Cryotherapy of ciliary body (procedure)"},{"code":"231631004","display":"Dacryocystorhinostomy and insertion of tube (procedure)"},{"code":"75745001","display":"Dacryocystotomy (procedure)"},{"code":"55272009","display":"Dacryocystectomy (procedure)"},{"code":"172261006","display":"Drainage of lesion of eyelid (procedure)"},{"code":"172172005","display":"Drainage of orbit (procedure)"},{"code":"48957009","display":"Epilation by electrolysis (procedure)"},{"code":"39250009","display":"Enucleation (procedure)"},{"code":"14509009","display":"Evisceration (procedure)"},{"code":"75588007","display":"Excision of lesion of cornea (procedure)"},{"code":"36436000","display":"Excision of lesion of eyebrow (procedure)"},{"code":"172212009","display":"Excision of lesion of eyelid (procedure)"},{"code":"47487006","display":"Excision of lesion of iris (procedure)"},{"code":"60712003","display":"Excision of lesion of sclera (procedure)"},{"code":"172196000","display":"Excision of lesion of canthus (procedure)"},{"code":"397112000","display":"Simple excision of pterygium (procedure)"},{"code":"2242005","display":"Reconstruction of eyelid (procedure)"},{"code":"1004085005","display":"Injection of filling material into eyelid (procedure)"},{"code":"240988007","display":"Division of flap (procedure)"},{"code":"400929002","display":"Forced duction test (procedure)"},{"code":"783539008","display":"Full thickness graft of skin to skin (procedure)"},{"code":"265292003","display":"Goniotomy (procedure)"},{"code":"4143006","display":"Injection of anterior chamber of eye (procedure)"},{"code":"310557005","display":"Partial thickness corneal graft (substance)"},{"code":"83694000","display":"Lamellar keratoplasty (procedure)"},{"code":"46082001","display":"Lateral orbitotomy (procedure)"},{"code":"419767009","display":"Bimanual microincisional phacoemulsification of cataract with intraocular lens implantation (procedure)"},{"code":"92829008","display":"Glaucoma due to combination of mechanisms (disorder)"},{"code":"172389006","display":"Mucosal graft to conjunctiva (procedure)"},{"code":"86088003","display":"Centesis (procedure)"},{"code":"42101009","display":"Penetrating keratoplasty (procedure)"},{"code":"231724007","display":"Peripheral iridectomy (procedure)"},{"code":"84149000","display":"Aspiration of cataract by phacoemulsification (procedure)"},{"code":"172426003","display":"Removal of foreign body from cornea (procedure)"},{"code":"172498005","display":"Removal of foreign body from iris (procedure)"},{"code":"172173000","display":"Removal of foreign body from orbit (procedure)"},{"code":"36884001","display":"Repair of recurrent dislocation of patella (procedure)"},{"code":"58992007","display":"Complete patellectomy (procedure)"},{"code":"52050007","display":"Pelvic osteotomy (procedure)"},{"code":"178677007","display":"Posterior decompression of fracture of spine (procedure)"},{"code":"52734007","display":"Total replacement of hip (procedure)"},{"code":"785850002","display":"Reverse prosthetic total arthroplasty of shoulder (procedure)"},{"code":"56060000","display":"Repair of musculotendinous cuff of shoulder (procedure)"},{"code":"18557009","display":"Closure by suture (procedure)"},{"code":"80469007","display":"Arthroplasty of shoulder for recurrent dislocation (procedure)"},{"code":"239468007","display":"Arthroplasty of shoulder (procedure)"},{"code":"69446009","display":"Skeletal traction (procedure)"},{"code":"304040003","display":"Grafting to skin (procedure)"},{"code":"6779009","display":"Open treatment of slipped femoral epiphysis (procedure)"},{"code":"55705006","display":"Spinal arthrodesis (procedure)"},{"code":"35443000","display":"Diagnostic radiography supine and erect of thoracic and lumbar spine for scoliosis (procedure)"},{"code":"122478003","display":"Synovial biopsy (procedure)"},{"code":"45247004","display":"Lengthening of tendon (procedure)"},{"code":"281758003","display":"Repair of tendon (procedure)"},{"code":"178156005","display":"Repair of tendo achilles (procedure)"},{"code":"264983002","display":"Transfer of tendon (procedure)"},{"code":"179836002","display":"Release of torticollis (procedure)"},{"code":"609588000","display":"Total knee replacement (procedure)"},{"code":"27813003","display":"Intra-articular injection (procedure)"},{"code":"13714004","display":"Arthroscopy (procedure)"},{"code":"239430005","display":"Ligament reconstruction (procedure)"},{"code":"179353004","display":"Revision uncemented total knee replacement (procedure)"},{"code":"86052008","display":"Closed reduction of fracture (procedure)"},{"code":"302489004","display":"Removal of complete external fixator (procedure)"},{"code":"180293003","display":"Change of plaster jacket (procedure)"},{"code":"90131007","display":"Arthrocentesis (procedure)"},{"code":"239667008","display":"Application of above elbow plaster cast (procedure)"},{"code":"239676001","display":"Application of below knee plaster cast (procedure)"},{"code":"63097004","display":"Application of long leg cast (procedure)"},{"code":"180289009","display":"Application of plaster cast (procedure)"},{"code":"37354008","display":"Application of shoulder spica (procedure)"},{"code":"127599007","display":"Application of hip spica cast (procedure)"},{"code":"81666003","display":"Strapping of ankle (procedure)"},{"code":"85046002","display":"Strapping of elbow (procedure)"},{"code":"24459003","display":"Strapping of finger (procedure)"},{"code":"21288003","display":"Strapping of knee (procedure)"},{"code":"229535006","display":"Shoulder strapping (procedure)"},{"code":"41029007","display":"Strapping of toes (procedure)"},{"code":"21411002","display":"Strapping of wrist (procedure)"},{"code":"30549001","display":"Removal of suture (procedure)"},{"code":"58825001","display":"Closed reduction of dislocation (procedure)"},{"code":"70163005","display":"Excision of ganglion cyst (procedure)"},{"code":"284101009","display":"Removal of implant (procedure)"},{"code":"76699006","display":"Ligamentous reconstruction of knee, intra-articular and extra-articular (procedure)"},{"code":"387731002","display":"Excision of lamina of vertebra (procedure)"},{"code":"78918006","display":"Open reduction of dislocation (procedure)"},{"code":"178668000","display":"Percutaneous discectomy (procedure)"},{"code":"311479006","display":"Spinal instrumentation (procedure)"},{"code":"439303004","display":"Application of rigid total contact leg cast (procedure)"},{"code":"2337004","display":"Adductor tenotomy of hip (procedure)"},{"code":"239267000","display":"Release of trigger finger (procedure)"},{"code":"239644006","display":"Application of pelvic traction (procedure)"},{"code":"178789004","display":"Manipulation of spine using traction (procedure)"},{"code":"450671005","display":"Debridement of soft tissue (procedure)"},{"code":"179709006","display":"Total synovectomy of joint (procedure)"},{"code":"387821004","display":"Spinal deformity correction (procedure)"},{"code":"428845007","display":"Intramedullary fixation with cementing of bone (procedure)"},{"code":"179892002","display":"Arthroscopic reattachment glenoid labrum (procedure)"},{"code":"699120002","display":"Arthroscopic repair of rotator cuff (procedure)"},{"code":"301761003","display":"Arthroscopic synovial biopsy (procedure)"},{"code":"265106004","display":"Insertion of Austin-Moore prosthesis (procedure)"},{"code":"439756000","display":"Open reduction of bimalleolar fracture of lateral and medial malleoli with internal fixation (procedure)"},{"code":"61916001","display":"Injection into bone marrow (procedure)"},{"code":"239690003","display":"Application of buttress strapping (procedure)"},{"code":"239329001","display":"Excision of bone (procedure)"},{"code":"699119008","display":"Repair of medial ligament of talocrural joint (procedure)"},{"code":"708899000","display":"Closed reduction of fracture of femur and internal fixation using dynamic condylar screw plate (procedure)"},{"code":"239619003","display":"Dynamization of external fixator (procedure)"},{"code":"239259008","display":"Lengthening of tendons or muscles of the flexor compartment of the forearm (procedure)"},{"code":"179537001","display":"Excision arthroplasty (procedure)"},{"code":"385523005","display":"External fixator using Ilizarov system (physical object)"},{"code":"440418007","display":"Open reduction of fracture of medial malleolus with internal fixation (procedure)"},{"code":"239432002","display":"Reconstruction of posterior cruciate ligament of knee joint (procedure)"},{"code":"69171004","display":"Excision of radial head (procedure)"},{"code":"56153009","display":"Reconstruction of radial head (procedure)"},{"code":"112694000","display":"Saucerization (procedure)"},{"code":"313295000","display":"Fixation of fracture using Herbert screw (procedure)"},{"code":"257949002","display":"Tension band wiring of fracture (procedure)"},{"code":"178493006","display":"Alveolar bone graft (procedure)"},{"code":"180673001","display":"Cross finger flap (substance)"},{"code":"384686000","display":"Reattachment of lower extremity (procedure)"},{"code":"307554005","display":"Reconstruction of nose with flap (procedure)"},{"code":"782787005","display":"Split thickness graft of skin (substance)"},{"code":"284079008","display":"Revision of scar (procedure)"},{"code":"405444008","display":"Revision of amputation of foot (procedure)"},{"code":"240995003","display":"Release of burns contracture (procedure)"},{"code":"231619001","display":"Surgical dehiscence of the aponeurotic insertion of Muller's muscle (procedure)"},{"code":"52781008","display":"Congenital hip dysplasia (disorder)"},{"code":"367411006","display":"Hamstring tendon transfer (procedure)"},{"code":"32492002","display":"Excision of accessory navicular bone (procedure)"},{"code":"308446007","display":"Excision of distal end of ulna (procedure)"},{"code":"158965000","display":"Medical practitioner (occupation)"},{"code":"303133007","display":"Responsible medical officer (occupation)"}]}]}}