{"resourceType":"ValueSet","id":"ndhm-physical-activity","text":{"status":"generated","div":"<div xmlns=\"http://www.w3.org/1999/xhtml\"><ul><li>Include these codes as defined in <a href=\"http://loinc.org\"><code>http://loinc.org</code></a><table class=\"none\"><tr><td style=\"white-space:nowrap\"><b>Code</b></td><td><b>Display</b></td></tr><tr><td><a href=\"https://loinc.org/55423-8/\">55423-8</a></td><td>Number of steps in unspecified time Pedometer</td></tr><tr><td><a href=\"https://loinc.org/93832-4/\">93832-4</a></td><td>Sleep duration</td></tr><tr><td><a href=\"https://loinc.org/41981-2/\">41981-2</a></td><td>Calories burned</td></tr><tr><td><a href=\"https://loinc.org/80493-0/\">80493-0</a></td><td>Activity level [Acceleration]</td></tr></table></li></ul></div>"},"url":"https://nrces.in/ndhm/fhir/r4/ValueSet/ndhm-physical-activity","version":"6.0.0","name":"PhysicalActivity","title":"Physical Activity","status":"draft","experimental":false,"date":"2021-03-26","publisher":"National Resource Center for EHR Standards","contact":[{"telecom":[{"system":"url","value":"http://nrces.in/"}]}],"description":"This value set covers LOINC Codes for Physical Activity","jurisdiction":[{"coding":[{"system":"urn:iso:std:iso:3166","code":"IN"}]}],"copyright":"This content from LOINCÂ® is copyright Â© 1995 Regenstrief Institute, Inc. and the LOINC Committee, and available at no cost under the license at http://loinc.org/terms-of-use","compose":{"include":[{"system":"http://loinc.org","concept":[{"code":"55423-8","display":"Number of steps in unspecified time Pedometer"},{"code":"93832-4","display":"Sleep duration"},{"code":"41981-2","display":"Calories burned"},{"code":"80493-0","display":"Activity level [Acceleration]"}]}]}}