{"resourceType":"ValueSet","id":"ndhm-plan-type","text":{"status":"generated","div":"<div xmlns=\"http://www.w3.org/1999/xhtml\"><ul><li>Include all codes defined in <a href=\"CodeSystem-ndhm-plan-type.html\"><code>https://nrces.in/ndhm/fhir/r4/CodeSystem/ndhm-plan-type</code></a></li></ul></div>"},"url":"https://nrces.in/ndhm/fhir/r4/ValueSet/ndhm-plan-type","version":"6.0.0","name":"PlanType","title":"Plan Type","status":"draft","experimental":false,"date":"2023-07-05","publisher":"National Resource Center for EHR Standards","contact":[{"telecom":[{"system":"url","value":"http://nrces.in/"}]}],"description":"This ValueSet contains a set of codes that can be utilized to categorize the type of insurance plans.","jurisdiction":[{"coding":[{"system":"urn:iso:std:iso:3166","code":"IN"}]}],"compose":{"include":[{"system":"https://nrces.in/ndhm/fhir/r4/CodeSystem/ndhm-plan-type"}]}}