{"resourceType":"ValueSet","id":"ndhm-claim-exclusion","text":{"status":"generated","div":"<div xmlns=\"http://www.w3.org/1999/xhtml\"><ul><li>Include all codes defined in <a href=\"CodeSystem-ndhm-claim-exclusion.html\"><code>https://nrces.in/ndhm/fhir/r4/CodeSystem/ndhm-claim-exclusion</code></a></li></ul></div>"},"url":"https://nrces.in/ndhm/fhir/r4/ValueSet/ndhm-claim-exclusion","version":"6.0.0","name":"ClaimExclusion","title":"Claim Exclusion","status":"draft","experimental":false,"date":"2023-07-20","publisher":"National Resource Center for EHR Standards","contact":[{"telecom":[{"system":"url","value":"http://nrces.in/"}]}],"description":"This ValueSet comprises codes that describes excluded coverage within a health insurance product.","jurisdiction":[{"coding":[{"system":"urn:iso:std:iso:3166","code":"IN"}]}],"compose":{"include":[{"system":"https://nrces.in/ndhm/fhir/r4/CodeSystem/ndhm-claim-exclusion"}]}}