{"resourceType":"ValueSet","id":"ndhm-medicine-codes","text":{"status":"generated","div":"<div xmlns=\"http://www.w3.org/1999/xhtml\"><ul><li>Include these codes as defined in <a href=\"http://www.snomed.org/\"><code>http://snomed.info/sct</code></a><table class=\"none\"><tr><td style=\"white-space:nowrap\"><b>Code</b></td><td><b>Display</b></td></tr><tr><td><a href=\"http://snomed.info/id/319775004\">319775004</a></td><td>Aspirin 75 mg oral tablet</td></tr><tr><td><a href=\"http://snomed.info/id/370166004\">370166004</a></td><td>Aspirin 325 mg oral tablet</td></tr><tr><td><a href=\"http://snomed.info/id/374744009\">374744009</a></td><td>Aspirin 800 mg oral tablet</td></tr><tr><td><a href=\"http://snomed.info/id/370164001\">370164001</a></td><td>Aspirin 81 mg chewable tablet</td></tr><tr><td><a href=\"http://snomed.info/id/785018008\">785018008</a></td><td>Aspirin 2.5 mg/mL oral solution</td></tr><tr><td><a href=\"http://snomed.info/id/412575004\">412575004</a></td><td>Aspirin 325 mg and codeine 30 mg oral tablet</td></tr><tr><td><a href=\"http://snomed.info/id/347070003\">347070003</a></td><td>Aspirin 500 mg and glycine 133 mg orodispersible tablet</td></tr><tr><td><a href=\"http://snomed.info/id/413586006\">413586006</a></td><td>Acetaminophen 250 mg and aspirin 250 mg and caffeine 65 mg oral tablet</td></tr><tr><td><a href=\"http://snomed.info/id/412647005\">412647005</a></td><td>Aspirin 389 mg and caffeine 32.4 mg and propoxyphene hydrochloride 32 mg oral capsule</td></tr><tr><td><a href=\"http://snomed.info/id/322784004\">322784004</a></td><td>Aspirin DL-lysine 900 mg and metoclopramide hydrochloride 10 mg oral powder sachet</td></tr><tr><td><a href=\"http://snomed.info/id/322236009\">322236009</a></td><td>Acetaminophen 500 mg oral tablet</td></tr><tr><td><a href=\"http://snomed.info/id/322246006\">322246006</a></td><td>Acetaminophen 100 mg/mL oral solution</td></tr><tr><td><a href=\"http://snomed.info/id/426061004\">426061004</a></td><td>Mesalamine 1.2 g gastro-resistant oral tablet</td></tr><tr><td><a href=\"http://snomed.info/id/324409009\">324409009</a></td><td>Sulfalene 2 g oral tablet</td></tr><tr><td><a href=\"http://snomed.info/id/376693009\">376693009</a></td><td>Cefadroxil 1 g oral tablet</td></tr><tr><td><a href=\"http://snomed.info/id/329838002\">329838002</a></td><td>Naproxen 250 mg gastro-resistant oral tablet</td></tr><tr><td><a href=\"http://snomed.info/id/416272002\">416272002</a></td><td>Zinc 50 mg oral capsule</td></tr><tr><td><a href=\"http://snomed.info/id/418197002\">418197002</a></td><td>Glucosamine 1 g oral tablet</td></tr><tr><td><a href=\"http://snomed.info/id/426863002\">426863002</a></td><td>Melatonin 2 mg prolonged-release oral tablet</td></tr><tr><td><a href=\"http://snomed.info/id/765963000\">765963000</a></td><td>Budesonide 3 mg gastro-resistant oral capsule</td></tr><tr><td><a href=\"http://snomed.info/id/765590000\">765590000</a></td><td>Felodipine 5 mg prolonged-release oral tablet</td></tr><tr><td><a href=\"http://snomed.info/id/765699007\">765699007</a></td><td>Ibuprofen 800 mg prolonged-release oral tablet</td></tr><tr><td><a href=\"http://snomed.info/id/766432002\">766432002</a></td><td>Fusidic acid 10 mg/g prolonged-release eye drops</td></tr><tr><td><a href=\"http://snomed.info/id/324682007\">324682007</a></td><td>Miconazole 25 mg/g oral gel</td></tr><tr><td><a href=\"http://snomed.info/id/765651007\">765651007</a></td><td>Axitinib 5 mg oral tablet</td></tr><tr><td><a href=\"http://snomed.info/id/408068006\">408068006</a></td><td>Nabilone 2 mg oral capsule</td></tr><tr><td><a href=\"http://snomed.info/id/326272004\">326272004</a></td><td>Nystatin 25000 unit/g vaginal cream</td></tr><tr><td><a href=\"http://snomed.info/id/408597001\">408597001</a></td><td>Ganciclovir 1.5 mg/g eye gel</td></tr><tr><td><a href=\"http://snomed.info/id/321573006\">321573006</a></td><td>Clozapine 25 mg oral tablet</td></tr><tr><td><a href=\"http://snomed.info/id/375833002\">375833002</a></td><td>Ofloxacin 3 mg/mL ear solution</td></tr><tr><td><a href=\"http://snomed.info/id/785252002\">785252002</a></td><td>Glycerin 10 mg/mL eye solution</td></tr><tr><td><a href=\"http://snomed.info/id/321203006\">321203006</a></td><td>Diazepam 1 mg/mL oral solution</td></tr><tr><td><a href=\"http://snomed.info/id/784911007\">784911007</a></td><td>Carbachol 15 mg/mL eye solution</td></tr><tr><td><a href=\"http://snomed.info/id/407773006\">407773006</a></td><td>Sulpiride 40 mg/mL oral solution</td></tr><tr><td><a href=\"http://snomed.info/id/407836002\">407836002</a></td><td>Efavirenz 30 mg/mL oral solution</td></tr><tr><td><a href=\"http://snomed.info/id/323074003\">323074003</a></td><td>Diazepam 4 mg/mL rectal solution</td></tr><tr><td><a href=\"http://snomed.info/id/410840000\">410840000</a></td><td>Ribavirin 40 mg/mL oral solution</td></tr><tr><td><a href=\"http://snomed.info/id/348336006\">348336006</a></td><td>Phenol 10 mg/mL cutaneous solution</td></tr><tr><td><a href=\"http://snomed.info/id/784960002\">784960002</a></td><td>Epinephrine 1 mg/mL nasal solution</td></tr><tr><td><a href=\"http://snomed.info/id/781971000\">781971000</a></td><td>Linezolid 2 mg/mL solution for infusion</td></tr><tr><td><a href=\"http://snomed.info/id/781781009\">781781009</a></td><td>Baclofen 2 mg/mL solution for injection</td></tr><tr><td><a href=\"http://snomed.info/id/781829000\">781829000</a></td><td>Diazepam 5 mg/mL solution for injection</td></tr><tr><td><a href=\"http://snomed.info/id/785204007\">785204007</a></td><td>Glucose 200 mg/mL solution for injection</td></tr><tr><td><a href=\"http://snomed.info/id/446347007\">446347007</a></td><td>Denosumab 60 mg/mL solution for injection</td></tr><tr><td><a href=\"http://snomed.info/id/782062009\">782062009</a></td><td>Piroxicam 20 mg/mL solution for injection</td></tr><tr><td><a href=\"http://snomed.info/id/784839007\">784839007</a></td><td>Tobramycin 60 mg/mL solution for inhalation</td></tr><tr><td><a href=\"http://snomed.info/id/784910008\">784910008</a></td><td>Enflurane 999 mg/mL solution for inhalation</td></tr><tr><td><a href=\"http://snomed.info/id/781996002\">781996002</a></td><td>Metronidazole 5 mg/mL solution for infusion</td></tr><tr><td><a href=\"http://snomed.info/id/782021003\">782021003</a></td><td>Nitroglycerin 5 mg/mL solution for injection</td></tr><tr><td><a href=\"http://snomed.info/id/348190007\">348190007</a></td><td>Tolnaftate 10 mg/g cutaneous powder</td></tr><tr><td><a href=\"http://snomed.info/id/766284006\">766284006</a></td><td>Clotrimazole 10 mg/g cutaneous powder</td></tr><tr><td><a href=\"http://snomed.info/id/324867004\">324867004</a></td><td>Nelfinavir 50 microgram/mg oral powder</td></tr><tr><td><a href=\"http://snomed.info/id/766429000\">766429000</a></td><td>Povidone iodine 25 mg/g cutaneous powder spray</td></tr><tr><td><a href=\"http://snomed.info/id/322979001\">322979001</a></td><td>Vigabatrin 500 mg powder for oral solution sachet</td></tr><tr><td><a href=\"http://snomed.info/id/375854009\">375854009</a></td><td>Hemin 313 mg powder for solution for injection vial</td></tr><tr><td><a href=\"http://snomed.info/id/323961007\">323961007</a></td><td>Aztreonam 1 g powder for solution for injection vial</td></tr><tr><td><a href=\"http://snomed.info/id/319948000\">319948000</a></td><td>Cholestyramine 4 g powder for oral suspension sachet</td></tr><tr><td><a href=\"http://snomed.info/id/785962002\">785962002</a></td><td>Cromolyn sodium 20 mg/actuation powder for inhalation</td></tr><tr><td><a href=\"http://snomed.info/id/785973009\">785973009</a></td><td>Noxythiolin 2.5 g powder for solution for injection vial</td></tr><tr><td><a href=\"http://snomed.info/id/782053007\">782053007</a></td><td>Phenol 50 mg/mL oil for injection</td></tr><tr><td><a href=\"http://snomed.info/id/781828008\">781828008</a></td><td>Diazepam 5 mg/mL emulsion for injection</td></tr><tr><td><a href=\"http://snomed.info/id/782035001\">782035001</a></td><td>Oxytocin 5 unit/mL solution for injection</td></tr><tr><td><a href=\"http://snomed.info/id/785006004\">785006004</a></td><td>Propofol 10 mg/mL suspension for injection</td></tr><tr><td><a href=\"http://snomed.info/id/769129007\">769129007</a></td><td>Triptorelin (as triptorelin acetate) 3.75 mg powder for suspension for injection syringe</td></tr><tr><td><a href=\"http://snomed.info/id/766169007\">766169007</a></td><td>Somatropin(rbe) 600 microgram powder for solution for injection syringe</td></tr><tr><td><a href=\"http://snomed.info/id/871797008\">871797008</a></td><td>Ozanimod (as ozanimod hydrochloride) 920 microgram oral capsule</td></tr><tr><td><a href=\"http://snomed.info/id/386086001\">386086001</a></td><td>Tacrine 40 mg oral capsule</td></tr><tr><td><a href=\"http://snomed.info/id/415163005\">415163005</a></td><td>Pregabalin 200 mg oral capsule</td></tr><tr><td><a href=\"http://snomed.info/id/430273009\">430273009</a></td><td>Temazepam 22.5 mg oral capsule</td></tr><tr><td><a href=\"http://snomed.info/id/423454000\">423454000</a></td><td>Vorinostat 100 mg oral capsule</td></tr><tr><td><a href=\"http://snomed.info/id/370149001\">370149001</a></td><td>Acetaminophen 160 mg oral tablet</td></tr><tr><td><a href=\"http://snomed.info/id/377441009\">377441009</a></td><td>Acetaminophen 325 mg and tramadol 37.5 mg oral tablet</td></tr><tr><td><a href=\"http://snomed.info/id/377594002\">377594002</a></td><td>Acetaminophen 325 mg and butalbital 50 mg oral tablet</td></tr><tr><td><a href=\"http://snomed.info/id/322341003\">322341003</a></td><td>Acetaminophen 500 mg and codeine phosphate 30 mg oral tablet</td></tr><tr><td><a href=\"http://snomed.info/id/783660005\">783660005</a></td><td>Paroxetine (as paroxetine hydrochloride) 10 mg oral tablet</td></tr><tr><td><a href=\"http://snomed.info/id/421386002\">421386002</a></td><td>Acetaminophen 300 mg and oxycodone hydrochloride 5 mg oral tablet</td></tr><tr><td><a href=\"http://snomed.info/id/377343008\">377343008</a></td><td>Acetaminophen 325 mg and oxycodone hydrochloride 5 mg oral tablet</td></tr><tr><td><a href=\"http://snomed.info/id/370148009\">370148009</a></td><td>Acetaminophen 80 mg chewable tablet</td></tr><tr><td><a href=\"http://snomed.info/id/785926003\">785926003</a></td><td>Mucin 35 mg/mL oral spray</td></tr><tr><td><a href=\"http://snomed.info/id/703958008\">703958008</a></td><td>Avanafil 50 mg oral tablet</td></tr><tr><td><a href=\"http://snomed.info/id/324682007\">324682007</a></td><td>Miconazole 25 mg/g oral gel</td></tr><tr><td><a href=\"http://snomed.info/id/442888004\">442888004</a></td><td>Iloperidone 8 mg oral tablet</td></tr><tr><td><a href=\"http://snomed.info/id/445522003\">445522003</a></td><td>Rifaximin 550 mg oral tablet</td></tr><tr><td><a href=\"http://snomed.info/id/332248004\">332248004</a></td><td>Anthralin 1 mg/g cutaneous cream</td></tr><tr><td><a href=\"http://snomed.info/id/332246000\">332246000</a></td><td>Anthralin 5 mg/g cutaneous cream</td></tr><tr><td><a href=\"http://snomed.info/id/333020002\">333020002</a></td><td>Acyclovir 50 mg/g cutaneous cream</td></tr><tr><td><a href=\"http://snomed.info/id/331624002\">331624002</a></td><td>Benzocaine 30 mg/g cutaneous cream</td></tr><tr><td><a href=\"http://snomed.info/id/332199003\">332199003</a></td><td>Calcipotriol 50 microgram/mL cutaneous cream</td></tr><tr><td><a href=\"http://snomed.info/id/413872001\">413872001</a></td><td>Clocortolone pivalate 1 mg/mL cutaneous cream</td></tr><tr><td><a href=\"http://snomed.info/id/330588001\">330588001</a></td><td>Tropicamide 5 mg/mL eye drops</td></tr><tr><td><a href=\"http://snomed.info/id/409490006\">409490006</a></td><td>Hydroxyamphetamine hydrobromide 10 mg/mL and tropicamide 2.5 mg/mL eye solution</td></tr><tr><td><a href=\"http://snomed.info/id/783373002\">783373002</a></td><td>Tropisetron (as tropisetron hydrochloride) 5 mg oral capsule</td></tr><tr><td><a href=\"http://snomed.info/id/324682007\">324682007</a></td><td>Miconazole 25 mg/g oral gel</td></tr><tr><td><a href=\"http://snomed.info/id/408597001\">408597001</a></td><td>Ganciclovir 1.5 mg/g eye gel</td></tr><tr><td><a href=\"http://snomed.info/id/332378006\">332378006</a></td><td>Adapalene 1 mg/g cutaneous gel</td></tr><tr><td><a href=\"http://snomed.info/id/135588001\">135588001</a></td><td>Benzocaine 100 mg/g dental gel</td></tr><tr><td><a href=\"http://snomed.info/id/330229006\">330229006</a></td><td>Felbinac 30 mg/g transdermal gel</td></tr><tr><td><a href=\"http://snomed.info/id/414272004\">414272004</a></td><td>Fluocinolone acetonide 100 microgram/mL cutaneous oil</td></tr><tr><td><a href=\"http://snomed.info/id/331469001\">331469001</a></td><td>Cod liver oil 114 mg/g and zinc oxide 380 mg/g cutaneous ointment</td></tr><tr><td><a href=\"http://snomed.info/id/781919008\">781919008</a></td><td>Haloperidol (as haloperidol decanoate) 50 mg/mL oil for injection</td></tr><tr><td><a href=\"http://snomed.info/id/781828008\">781828008</a></td><td>Diazepam 5 mg/mL emulsion for injection</td></tr><tr><td><a href=\"http://snomed.info/id/781752008\">781752008</a></td><td>Adenosine 3 mg/mL solution for injection</td></tr><tr><td><a href=\"http://snomed.info/id/784932004\">784932004</a></td><td>Diazepam 5 mg/mL suspension for injection</td></tr><tr><td><a href=\"http://snomed.info/id/376105006\">376105006</a></td><td>Estrone 15 mg/mL suspension for injection</td></tr></table></li></ul></div>"},"url":"https://nrces.in/ndhm/fhir/r4/ValueSet/ndhm-medicine-codes","version":"6.0.0","name":"MedicineCodes","title":"Medicine Codes","status":"draft","experimental":false,"date":"2020-09-18","publisher":"National Resource Center for EHR Standards","contact":[{"telecom":[{"system":"url","value":"http://nrces.in/"}]}],"description":"This Value Set covers: Clinical Drugs from SNOMED CT International Edition, Clinical Drugs and Branded Medicines (Real Clinical Drugs) from Common Drug Codes for India (National Extension). For more information refer: [https://www.nrces.in/services/national-releases](https://www.nrces.in/services/national-releases)","jurisdiction":[{"coding":[{"system":"urn:iso:std:iso:3166","code":"IN"}]}],"copyright":"This value set includes content from SNOMED CT, which is copyright © 2002+ International Health Terminology Standards Development Organisation (IHTSDO), and distributed by agreement between IHTSDO and HL7. Implementer use of SNOMED CT is not covered by this agreement","compose":{"include":[{"system":"http://snomed.info/sct","concept":[{"code":"319775004","display":"Aspirin 75 mg oral tablet"},{"code":"370166004","display":"Aspirin 325 mg oral tablet"},{"code":"374744009","display":"Aspirin 800 mg oral tablet"},{"code":"370164001","display":"Aspirin 81 mg chewable tablet"},{"code":"785018008","display":"Aspirin 2.5 mg/mL oral solution"},{"code":"412575004","display":"Aspirin 325 mg and codeine 30 mg oral tablet"},{"code":"347070003","display":"Aspirin 500 mg and glycine 133 mg orodispersible tablet"},{"code":"413586006","display":"Acetaminophen 250 mg and aspirin 250 mg and caffeine 65 mg oral tablet"},{"code":"412647005","display":"Aspirin 389 mg and caffeine 32.4 mg and propoxyphene hydrochloride 32 mg oral capsule"},{"code":"322784004","display":"Aspirin DL-lysine 900 mg and metoclopramide hydrochloride 10 mg oral powder sachet"},{"code":"322236009","display":"Acetaminophen 500 mg oral tablet"},{"code":"322246006","display":"Acetaminophen 100 mg/mL oral solution"},{"code":"426061004","display":"Mesalamine 1.2 g gastro-resistant oral tablet"},{"code":"324409009","display":"Sulfalene 2 g oral tablet"},{"code":"376693009","display":"Cefadroxil 1 g oral tablet"},{"code":"329838002","display":"Naproxen 250 mg gastro-resistant oral tablet"},{"code":"416272002","display":"Zinc 50 mg oral capsule"},{"code":"418197002","display":"Glucosamine 1 g oral tablet"},{"code":"426863002","display":"Melatonin 2 mg prolonged-release oral tablet"},{"code":"765963000","display":"Budesonide 3 mg gastro-resistant oral capsule"},{"code":"765590000","display":"Felodipine 5 mg prolonged-release oral tablet"},{"code":"765699007","display":"Ibuprofen 800 mg prolonged-release oral tablet"},{"code":"766432002","display":"Fusidic acid 10 mg/g prolonged-release eye drops"},{"code":"324682007","display":"Miconazole 25 mg/g oral gel"},{"code":"765651007","display":"Axitinib 5 mg oral tablet"},{"code":"408068006","display":"Nabilone 2 mg oral capsule"},{"code":"326272004","display":"Nystatin 25000 unit/g vaginal cream"},{"code":"408597001","display":"Ganciclovir 1.5 mg/g eye gel"},{"code":"321573006","display":"Clozapine 25 mg oral tablet"},{"code":"375833002","display":"Ofloxacin 3 mg/mL ear solution"},{"code":"785252002","display":"Glycerin 10 mg/mL eye solution"},{"code":"321203006","display":"Diazepam 1 mg/mL oral solution"},{"code":"784911007","display":"Carbachol 15 mg/mL eye solution"},{"code":"407773006","display":"Sulpiride 40 mg/mL oral solution"},{"code":"407836002","display":"Efavirenz 30 mg/mL oral solution"},{"code":"323074003","display":"Diazepam 4 mg/mL rectal solution"},{"code":"410840000","display":"Ribavirin 40 mg/mL oral solution"},{"code":"348336006","display":"Phenol 10 mg/mL cutaneous solution"},{"code":"784960002","display":"Epinephrine 1 mg/mL nasal solution"},{"code":"781971000","display":"Linezolid 2 mg/mL solution for infusion"},{"code":"781781009","display":"Baclofen 2 mg/mL solution for injection"},{"code":"781829000","display":"Diazepam 5 mg/mL solution for injection"},{"code":"785204007","display":"Glucose 200 mg/mL solution for injection"},{"code":"446347007","display":"Denosumab 60 mg/mL solution for injection"},{"code":"782062009","display":"Piroxicam 20 mg/mL solution for injection"},{"code":"784839007","display":"Tobramycin 60 mg/mL solution for inhalation"},{"code":"784910008","display":"Enflurane 999 mg/mL solution for inhalation"},{"code":"781996002","display":"Metronidazole 5 mg/mL solution for infusion"},{"code":"782021003","display":"Nitroglycerin 5 mg/mL solution for injection"},{"code":"348190007","display":"Tolnaftate 10 mg/g cutaneous powder"},{"code":"766284006","display":"Clotrimazole 10 mg/g cutaneous powder"},{"code":"324867004","display":"Nelfinavir 50 microgram/mg oral powder"},{"code":"766429000","display":"Povidone iodine 25 mg/g cutaneous powder spray"},{"code":"322979001","display":"Vigabatrin 500 mg powder for oral solution sachet"},{"code":"375854009","display":"Hemin 313 mg powder for solution for injection vial"},{"code":"323961007","display":"Aztreonam 1 g powder for solution for injection vial"},{"code":"319948000","display":"Cholestyramine 4 g powder for oral suspension sachet"},{"code":"785962002","display":"Cromolyn sodium 20 mg/actuation powder for inhalation"},{"code":"785973009","display":"Noxythiolin 2.5 g powder for solution for injection vial"},{"code":"782053007","display":"Phenol 50 mg/mL oil for injection"},{"code":"781828008","display":"Diazepam 5 mg/mL emulsion for injection"},{"code":"782035001","display":"Oxytocin 5 unit/mL solution for injection"},{"code":"785006004","display":"Propofol 10 mg/mL suspension for injection"},{"code":"769129007","display":"Triptorelin (as triptorelin acetate) 3.75 mg powder for suspension for injection syringe"},{"code":"766169007","display":"Somatropin(rbe) 600 microgram powder for solution for injection syringe"},{"code":"871797008","display":"Ozanimod (as ozanimod hydrochloride) 920 microgram oral capsule"},{"code":"386086001","display":"Tacrine 40 mg oral capsule"},{"code":"415163005","display":"Pregabalin 200 mg oral capsule"},{"code":"430273009","display":"Temazepam 22.5 mg oral capsule"},{"code":"423454000","display":"Vorinostat 100 mg oral capsule"},{"code":"370149001","display":"Acetaminophen 160 mg oral tablet"},{"code":"377441009","display":"Acetaminophen 325 mg and tramadol 37.5 mg oral tablet"},{"code":"377594002","display":"Acetaminophen 325 mg and butalbital 50 mg oral tablet"},{"code":"322341003","display":"Acetaminophen 500 mg and codeine phosphate 30 mg oral tablet"},{"code":"783660005","display":"Paroxetine (as paroxetine hydrochloride) 10 mg oral tablet"},{"code":"421386002","display":"Acetaminophen 300 mg and oxycodone hydrochloride 5 mg oral tablet"},{"code":"377343008","display":"Acetaminophen 325 mg and oxycodone hydrochloride 5 mg oral tablet"},{"code":"370148009","display":"Acetaminophen 80 mg chewable tablet"},{"code":"785926003","display":"Mucin 35 mg/mL oral spray"},{"code":"703958008","display":"Avanafil 50 mg oral tablet"},{"code":"324682007","display":"Miconazole 25 mg/g oral gel"},{"code":"442888004","display":"Iloperidone 8 mg oral tablet"},{"code":"445522003","display":"Rifaximin 550 mg oral tablet"},{"code":"332248004","display":"Anthralin 1 mg/g cutaneous cream"},{"code":"332246000","display":"Anthralin 5 mg/g cutaneous cream"},{"code":"333020002","display":"Acyclovir 50 mg/g cutaneous cream"},{"code":"331624002","display":"Benzocaine 30 mg/g cutaneous cream"},{"code":"332199003","display":"Calcipotriol 50 microgram/mL cutaneous cream"},{"code":"413872001","display":"Clocortolone pivalate 1 mg/mL cutaneous cream"},{"code":"330588001","display":"Tropicamide 5 mg/mL eye drops"},{"code":"409490006","display":"Hydroxyamphetamine hydrobromide 10 mg/mL and tropicamide 2.5 mg/mL eye solution"},{"code":"783373002","display":"Tropisetron (as tropisetron hydrochloride) 5 mg oral capsule"},{"code":"324682007","display":"Miconazole 25 mg/g oral gel"},{"code":"408597001","display":"Ganciclovir 1.5 mg/g eye gel"},{"code":"332378006","display":"Adapalene 1 mg/g cutaneous gel"},{"code":"135588001","display":"Benzocaine 100 mg/g dental gel"},{"code":"330229006","display":"Felbinac 30 mg/g transdermal gel"},{"code":"414272004","display":"Fluocinolone acetonide 100 microgram/mL cutaneous oil"},{"code":"331469001","display":"Cod liver oil 114 mg/g and zinc oxide 380 mg/g cutaneous ointment"},{"code":"781919008","display":"Haloperidol (as haloperidol decanoate) 50 mg/mL oil for injection"},{"code":"781828008","display":"Diazepam 5 mg/mL emulsion for injection"},{"code":"781752008","display":"Adenosine 3 mg/mL solution for injection"},{"code":"784932004","display":"Diazepam 5 mg/mL suspension for injection"},{"code":"376105006","display":"Estrone 15 mg/mL suspension for injection"}]}]}}