{
  "resourceType": "Bundle",
  "id": "84017e72-e1f5-4b1f-b5da-e7d7bdf3ed19",
  "meta": {
    "versionId": "1",
    "lastUpdated": "2020-07-09T15:32:26.605+05:30",
    "profile": [
      "https://nrces.in/ndhm/fhir/r4/StructureDefinition/DocumentBundle"
    ],
    "security": [
      {
        "code": "V",
        "system": "http://terminology.hl7.org/CodeSystem/v3-Confidentiality",
        "display": "very restricted"
      }
    ]
  },
  "identifier": {
    "system": "http://hip.in",
    "value": "eba2ef3a-320f-4f16-8789-ed64965943a3"
  },
  "type": "document",
  "timestamp": "2020-07-09T15:32:26.605+05:30",
  "entry": [
    {
      "fullUrl": "urn:uuid:f1ab8bba-a0ed-476a-a902-a1e08517020b",
      "resource": {
        "resourceType": "Composition",
        "id": "f1ab8bba-a0ed-476a-a902-a1e08517020b",
        "meta": {
          "versionId": "1",
          "lastUpdated": "2020-07-09T15:32:26.605+05:30",
          "profile": [
            "https://nrces.in/ndhm/fhir/r4/StructureDefinition/DischargeSummaryRecord"
          ]
        },
        "language": "en-IN",
        "status": "final",
        "type": {
          "coding": [
            {
              "code": "373942005",
              "system": "http://snomed.info/sct",
              "display": "Discharge summary"
            }
          ],
          "text": "Discharge Summary"
        },
        "subject": {
          "reference": "urn:uuid:f8d9e19e-5598-428c-ae03-b1cd44968b41",
          "display": "Patient"
        },
        "encounter": {
          "reference": "urn:uuid:1d87ab20-8b86-4b41-a30d-984b2208d945",
          "display": "Encounter"
        },
        "date": "2020-07-09T15:32:26.605+05:30",
        "author": [
          {
            "reference": "urn:uuid:dc36f7c9-7ea5-4984-a02e-7102c215db17",
            "display": "Practitioner"
          }
        ],
        "title": "Discharge Summary",
        "confidentiality": "N",
        "custodian": {
          "reference": "urn:uuid:f7941403-b480-48b3-985a-ec4b6b04c1c2",
          "display": "Organization"
        },
        "section": [
          {
            "title": "ChiefComplaints",
            "code": {
              "coding": [
                {
                  "code": "422843007",
                  "system": "http://snomed.info/sct",
                  "display": "Chief complaint section"
                }
              ],
              "text": "Chief complaint section"
            },
            "entry": [
              {
                "reference": "urn:uuid:527c2a41-35d6-42aa-96fa-528865ea07e0",
                "type": "Condition"
              },
              {
                "reference": "urn:uuid:a3b919b1-a69e-4e3b-8e24-39dd0897a9bf",
                "type": "Condition"
              },
              {
                "reference": "urn:uuid:84017e72-e1f5-4b1f-b1ab-e7d7bdf3ed19",
                "type": "Condition"
              },
              {
                "reference": "urn:uuid:123e4567-e89b-12d3-a456-426614174000",
                "type": "Condition"
              }
            ]
          },
          {
            "title": "PhysicalExamination",
            "code": {
              "coding": [
                {
                  "code": "29545-1",
                  "system": "http://loinc.org",
                  "display": "Physical findings Narrative"
                }
              ],
              "text": "Physical Examination Section"
            },
            "entry": [
              {
                "reference": "urn:uuid:b1bf7889-9c56-4707-aa1e-3b21a5a359d0",
                "type": "Observation"
              },
              {
                "reference": "urn:uuid:ce490d3d-3f41-496a-be2d-7acd40326806",
                "type": "Observation"
              },
              {
                "reference": "urn:uuid:7be9b46e-9711-43c5-8f82-37bc50112434",
                "type": "Observation"
              },
              {
                "reference": "urn:uuid:1a1fc8ff-9d82-4d90-9de2-94e48a7369ff",
                "type": "Observation"
              },
              {
                "reference": "urn:uuid:bf4669ff-07fc-4ce2-a7f6-1eed70622d8a",
                "type": "Observation"
              },
              {
                "reference": "urn:uuid:b0bbe38b-d0bf-4ec9-a211-e84daf347fed",
                "type": "Observation"
              },
              {
                "reference": "urn:uuid:f1fadb91-cd4a-422d-bf04-955fd5eefb3a",
                "type": "Observation"
              },
              {
                "reference": "urn:uuid:e2da4251-3030-4d3d-a263-8d10afe424ee",
                "type": "Observation"
              },
              {
                "reference": "urn:uuid:aaec0211-c8dc-45ef-8241-2239c85f42cd",
                "type": "Observation"
              },
              {
                "reference": "urn:uuid:2b14cd33-6e47-46e6-8849-b53573449a35",
                "type": "Observation"
              },
              {
                "reference": "urn:uuid:605f4666-7121-4b9d-b0f5-663b7b16a9d0",
                "type": "Observation"
              },
              {
                "reference": "urn:uuid:d854598c-50fe-47e9-a705-e51c79d5faa9",
                "type": "Observation"
              },
              {
                "reference": "urn:uuid:84017e72-e1f5-4b1f-b1db-e7d7bdf3ed19",
                "type": "Observation"
              },
              {
                "reference": "urn:uuid:84017e72-e1f5-4b2f-b1db-e7d7bdf3ed19",
                "type": "Observation"
              },
              {
                "reference": "urn:uuid:84017e72-e1f5-4b3f-b1db-e7d7bdf3ed19",
                "type": "Observation"
              },
              {
                "reference": "urn:uuid:84017e72-e1f5-4b4f-b1db-e7d7bdf3ed19",
                "type": "Observation"
              },
              {
                "reference": "urn:uuid:84017e72-e1f5-4b5f-b1db-e7d7bdf3ed19",
                "type": "Observation"
              },
              {
                "reference": "urn:uuid:84017e72-e1f5-4b6f-b1db-e7d7bdf3ed19",
                "type": "Observation"
              },
              {
                "reference": "urn:uuid:84017e72-e1f5-4b7f-b1db-e7d7bdf3ed19",
                "type": "Observation"
              },
              {
                "reference": "urn:uuid:84017e72-e1f5-4b8f-b1db-e7d7bdf3ed19",
                "type": "Observation"
              },
              {
                "reference": "urn:uuid:84017e72-e1f5-4b9f-b1db-e7d7bdf3ed19",
                "type": "Observation"
              },
              {
                "reference": "urn:uuid:84017e72-e1f5-4b1f-b1db-a7d7bdf3ed19",
                "type": "Observation"
              },
              {
                "reference": "urn:uuid:84017e72-e1f5-4b1f-b1db-b7d7bdf3ed19",
                "type": "Observation"
              },
              {
                "reference": "urn:uuid:84017e72-a1f5-4b1f-b1db-c7d7bdf3ed19",
                "type": "Observation"
              },
              {
                "reference": "urn:uuid:123e4567-e89b-12d3-a456-426614174002",
                "type": "Observation"
              },
              {
                "reference": "urn:uuid:123e4567-e89b-12d3-a456-426614174003",
                "type": "Observation"
              }
            ]
          },
          {
            "title": "Medications",
            "code": {
              "coding": [
                {
                  "code": "721912009",
                  "system": "http://snomed.info/sct",
                  "display": "Medication summary document (record artifact)"
                }
              ],
              "text": "Medication summary document (record artifact)"
            },
            "entry": [
              {
                "reference": "urn:uuid:123e4567-e89b-12d3-a456-426614174001",
                "type": "MedicationStatement"
              }
            ]
          },
          {
            "title": "Chemotherapy Treatment Cycle",
            "code": {
              "coding": [
                {
                  "code": "18629005",
                  "system": "http://snomed.info/sct",
                  "display": "Administration of drug or medicament"
                }
              ],
              "text": "Chemotherapy Treatment Cycle"
            },
            "entry": [
              {
                "reference": "urn:uuid:46dffb8e-4c7c-480d-aacd-e4284d813801",
                "type": "MedicationAdministration"
              }
            ]
          },
          {
            "title": "InvestigationAdvice",
            "code": {
              "coding": [
                {
                  "code": "721963009",
                  "system": "http://snomed.info/sct",
                  "display": "Order document"
                }
              ],
              "text": "Investigation Advice"
            },
            "entry": [
              {
                "reference": "urn:uuid:216861b1-ca70-41bc-be26-d5b0994a7019",
                "type": "ServiceRequest"
              },
              {
                "reference": "urn:uuid:1a78f6f9-23b3-4d93-8948-1b7b056db92a",
                "type": "ServiceRequest"
              }
            ]
          },
          {
            "title": "Procedures",
            "code": {
              "coding": [
                {
                  "code": "1003640003",
                  "system": "http://snomed.info/sct",
                  "display": "History of past procedure section"
                }
              ],
              "text": "History of past procedure section"
            },
            "entry": [
              {
                "reference": "urn:uuid:b89d75ac-e95d-43f3-8ddd-cb9395d03a58",
                "type": "Procedure"
              },
              {
                "reference": "urn:uuid:63feeb79-c900-4756-814e-ba33f223781e",
                "type": "Procedure"
              },
              {
                "reference": "urn:uuid:0f93de84-cf1a-4c5f-aa81-89ae1facdcb8",
                "type": "Procedure"
              }
            ]
          }
        ]
      }
    },
    {
      "fullUrl": "urn:uuid:dc36f7c9-7ea5-4984-a02e-7102c215db17",
      "resource": {
        "resourceType": "Practitioner",
        "id": "dc36f7c9-7ea5-4984-a02e-7102c215db17",
        "meta": {
          "versionId": "1",
          "lastUpdated": "2020-07-09T15:32:26.605+05:30",
          "profile": [
            "https://nrces.in/ndhm/fhir/r4/StructureDefinition/Practitioner"
          ]
        },
        "identifier": [
          {
            "type": {
              "coding": [
                {
                  "code": "MD",
                  "system": "http://terminology.hl7.org/CodeSystem/v2-0203",
                  "display": "Medical License number"
                }
              ]
            },
            "system": "https://doctor.ndhm.gov.in",
            "value": "21-1521-3828-3227"
          }
        ],
        "name": [
          {
            "text": "DEF"
          }
        ]
      }
    },
    {
      "fullUrl": "urn:uuid:f7941403-b480-48b3-985a-ec4b6b04c1c2",
      "resource": {
        "resourceType": "Organization",
        "id": "f7941403-b480-48b3-985a-ec4b6b04c1c2",
        "meta": {
          "versionId": "0",
          "lastUpdated": "2024-08-06T12:18:11.069+05:30",
          "profile": [
            "https://nrces.in/ndhm/fhir/r4/StructureDefinition/Organization"
          ]
        },
        "identifier": [
          {
            "type": {
              "coding": [
                {
                  "code": "PRN",
                  "system": "http://terminology.hl7.org/CodeSystem/v2-0203",
                  "display": "Provider number"
                }
              ],
              "text": "Provider number"
            },
            "system": "https://facility.ndhm.gov.in",
            "value": "[FACILITY-ID-FROM-REGISTRY]"
          }
        ],
        "name": "XYZ Lab Pvt.Ltd.",
        "telecom": [
          {
            "system": "phone",
            "value": "9898989898"
          },
          {
            "system": "email",
            "value": "xyz@facility.org"
          }
        ]
      }
    },
    {
      "fullUrl": "urn:uuid:f8d9e19e-5598-428c-ae03-b1cd44968b41",
      "resource": {
        "resourceType": "Patient",
        "id": "f8d9e19e-5598-428c-ae03-b1cd44968b41",
        "meta": {
          "versionId": "0",
          "lastUpdated": "2024-08-06T12:18:11.063+05:30",
          "profile": [
            "https://nrces.in/ndhm/fhir/r4/StructureDefinition/Patient"
          ]
        },
        "identifier": [
          {
            "type": {
              "coding": [
                {
                  "code": "MR",
                  "system": "http://terminology.hl7.org/CodeSystem/v2-0203",
                  "display": "Medical record number"
                }
              ],
              "text": "Medical record number"
            },
            "system": "urn:health:information:provider:system",
            "value": "Health-Information-Provider-Example-Id"
          },
          {
            "type": {
              "coding": [
                {
                  "code": "ABHAAddress",
                  "system": "https://healthid.abdm.gov.in",
                  "display": "ABHAAddress"
                }
              ],
              "text": "ABHAAddress"
            },
            "system": "urn:health:information:provider:system",
            "value": "johndoe@abdm"
          }
        ],
        "name": [
          {
            "text": "Johndoe ABDM NCG",
            "family": "NCG",
            "given": [
              "Johndoe ABDM"
            ]
          }
        ],
        "telecom": [
          {
            "system": "phone",
            "value": "9898989898"
          }
        ],
        "gender": "male",
        "birthDate": "1999-08-14",
        "address": [
          {
            "type": "both",
            "text": "123, Bangalore Urban, Karnataka, India, Pincode:560103",
            "city": "Bangalore Urban",
            "district": "Bangalore Urban",
            "state": "Karnataka",
            "postalCode": "560103",
            "country": "India"
          }
        ]
      }
    },
    {
      "fullUrl": "urn:uuid:1e2fff4e-4ea6-4222-98f3-8b72cb9d3d63",
      "resource": {
        "resourceType": "Observation",
        "id": "1e2fff4e-4ea6-4222-98f3-8b72cb9d3d63",
        "meta": {
          "versionId": "0",
          "lastUpdated": "2024-08-06T12:18:11.053+05:30",
          "profile": [
            "https://nrces.in/ndhm/fhir/r4/StructureDefinition/Observation"
          ]
        },
        "status": "final",
        "code": {
          "coding": [
            {
              "code": "8302-2",
              "system": "http://loinc.org",
              "display": "Body height"
            }
          ],
          "text": "Body height"
        },
        "subject": {
          "reference": "urn:uuid:f8d9e19e-5598-428c-ae03-b1cd44968b41",
          "display": "Johndoe ABDM NCG",
          "type": "Patient"
        },
        "effectiveDateTime": "2024-08-06T12:18:11+05:30",
        "valueQuantity": {
          "value": 160,
          "code": "cm",
          "system": "http://unitsofmeasure.org",
          "unit": "cm"
        }
      }
    },
    {
      "fullUrl": "urn:uuid:97a1272a-f164-43c4-8292-ef2adc8e8c76",
      "resource": {
        "resourceType": "Observation",
        "id": "97a1272a-f164-43c4-8292-ef2adc8e8c76",
        "meta": {
          "versionId": "0",
          "lastUpdated": "2024-08-06T12:18:11.054+05:30",
          "profile": [
            "https://nrces.in/ndhm/fhir/r4/StructureDefinition/Observation"
          ]
        },
        "status": "final",
        "code": {
          "coding": [
            {
              "code": "29463-7",
              "system": "http://loinc.org",
              "display": "weight"
            }
          ],
          "text": "weight"
        },
        "subject": {
          "reference": "urn:uuid:f8d9e19e-5598-428c-ae03-b1cd44968b41",
          "display": "Johndoe ABDM NCG",
          "type": "Patient"
        },
        "effectiveDateTime": "2024-08-06T12:18:11+05:30",
        "valueQuantity": {
          "value": 62,
          "code": "kg",
          "system": "http://unitsofmeasure.org",
          "unit": "kg"
        }
      }
    },
    {
      "fullUrl": "urn:uuid:aea24491-b51a-4b69-9660-a44531b7adae",
      "resource": {
        "resourceType": "Observation",
        "id": "aea24491-b51a-4b69-9660-a44531b7adae",
        "meta": {
          "versionId": "0",
          "lastUpdated": "2024-08-06T12:18:11.054+05:30",
          "profile": [
            "https://nrces.in/ndhm/fhir/r4/StructureDefinition/Observation"
          ]
        },
        "status": "final",
        "code": {
          "coding": [
            {
              "code": "39156-5",
              "system": "http://loinc.org",
              "display": "Body mass index (BMI) [Ratio]"
            }
          ],
          "text": "Body mass index (BMI) [Ratio]"
        },
        "subject": {
          "reference": "urn:uuid:f8d9e19e-5598-428c-ae03-b1cd44968b41",
          "type": "Patient"
        },
        "effectiveDateTime": "2024-08-06T12:18:11+05:30",
        "valueQuantity": {
          "value": 62,
          "code": "kg/m2",
          "system": "http://unitsofmeasure.org",
          "unit": "kg/m2"
        }
      }
    },
    {
      "fullUrl": "urn:uuid:8b4470e0-3845-4035-80ab-f13fac64e2f7",
      "resource": {
        "resourceType": "Observation",
        "id": "8b4470e0-3845-4035-80ab-f13fac64e2f7",
        "meta": {
          "versionId": "0",
          "lastUpdated": "2024-08-06T12:18:11.063+05:30",
          "profile": [
            "https://nrces.in/ndhm/fhir/r4/StructureDefinition/Observation"
          ]
        },
        "status": "final",
        "code": {
          "coding": [
            {
              "code": "882-1",
              "system": "http://loinc.org",
              "display": "ABO and Rh group [Type] in Blood"
            }
          ],
          "text": "ABO and Rh group [Type] in Blood"
        },
        "subject": {
          "reference": "urn:uuid:f8d9e19e-5598-428c-ae03-b1cd44968b41",
          "type": "Patient"
        },
        "valueCodeableConcept": {
          "coding": [
            {
              "code": "365637002",
              "system": "http://snomed.info/sct",
              "display": "Finding of ABO blood group"
            }
          ],
          "text": "A+"
        }
      }
    },
    {
      "fullUrl": "urn:uuid:1d87ab20-8b86-4b41-a30d-984b2208d945",
      "resource": {
        "resourceType": "Encounter",
        "id": "1d87ab20-8b86-4b41-a30d-984b2208d945",
        "meta": {
          "lastUpdated": "2020-07-09T14:58:58.181+05:30",
          "profile": [
            "https://nrces.in/ndhm/fhir/r4/StructureDefinition/Encounter"
          ]
        },
        "identifier": [
          {
            "system": "https://ndhm.in",
            "value": "S100"
          }
        ],
        "status": "finished",
        "class": {
          "code": "IMP",
          "system": "http://terminology.hl7.org/CodeSystem/v3-ActCode",
          "display": "inpatient encounter"
        },
        "subject": {
          "reference": "urn:uuid:f8d9e19e-5598-428c-ae03-b1cd44968b41",
          "display": "Patient"
        },
        "period": {
          "start": "2020-04-20T15:32:26.605+05:30",
          "end": "2020-05-01T15:32:26.605+05:30"
        },
        "hospitalization": {
          "dischargeDisposition": {
            "coding": [
              {
                "code": "home",
                "system": "http://terminology.hl7.org/CodeSystem/discharge-disposition",
                "display": "Home"
              }
            ],
            "text": "Discharged to Home Care"
          }
        }
      }
    },
    {
      "fullUrl": "urn:uuid:e5e2db69-f591-4a8d-a4f2-ae2912e09601",
      "resource": {
        "resourceType": "AllergyIntolerance",
        "id": "e5e2db69-f591-4a8d-a4f2-ae2912e09601",
        "meta": {
          "versionId": "0",
          "lastUpdated": "2024-08-06T12:18:11.170+05:30",
          "profile": [
            "https://nrces.in/ndhm/fhir/r4/StructureDefinition/AllergyIntolerance"
          ]
        },
        "clinicalStatus": {
          "coding": [
            {
              "code": "active",
              "system": "http://terminology.hl7.org/CodeSystem/allergyintolerance-clinical",
              "display": "Active"
            }
          ],
          "text": "Active"
        },
        "verificationStatus": {
          "coding": [
            {
              "code": "confirmed",
              "system": "http://terminology.hl7.org/CodeSystem/allergyintolerance-verification",
              "display": "Confirmed"
            }
          ],
          "text": "Confirmed"
        },
        "type": "allergy",
        "category": [
          "food"
        ],
        "code": {
          "coding": [
            {
              "code": "91935009",
              "system": "http://snomed.info/sct",
              "display": "Allergy to peanut"
            }
          ],
          "text": "Groundnut (peanut) allergy"
        },
        "patient": {
          "reference": "urn:uuid:f8d9e19e-5598-428c-ae03-b1cd44968b41",
          "display": "Johndoe ABDM NCG",
          "type": "Patient"
        },
        "recordedDate": "2024-08-06T12:18:11+05:30",
        "recorder": {
          "reference": "urn:uuid:41295111-04f9-4b83-b186-ef2975db1c7e",
          "type": "Practitioner"
        },
        "note": [
          {
            "text": "The patient reports of: Groundnut allergy which is of type: food"
          }
        ]
      }
    },
    {
      "fullUrl": "urn:uuid:d4755f91-e834-4cd3-aa49-1bd87093283e",
      "resource": {
        "resourceType": "AllergyIntolerance",
        "id": "d4755f91-e834-4cd3-aa49-1bd87093283e",
        "meta": {
          "versionId": "0",
          "lastUpdated": "2024-08-06T12:18:11.170+05:30",
          "profile": [
            "https://nrces.in/ndhm/fhir/r4/StructureDefinition/AllergyIntolerance"
          ]
        },
        "clinicalStatus": {
          "coding": [
            {
              "code": "active",
              "system": "http://terminology.hl7.org/CodeSystem/allergyintolerance-clinical",
              "display": "Active"
            }
          ],
          "text": "Active"
        },
        "verificationStatus": {
          "coding": [
            {
              "code": "confirmed",
              "system": "http://terminology.hl7.org/CodeSystem/allergyintolerance-verification",
              "display": "Confirmed"
            }
          ],
          "text": "Confirmed"
        },
        "type": "allergy",
        "category": [
          "medication"
        ],
        "code": {
          "coding": [
            {
              "code": "91936005",
              "system": "http://snomed.info/sct",
              "display": "Allergy to penicillin"
            }
          ],
          "text": "Allergy to penicillin"
        },
        "patient": {
          "reference": "urn:uuid:f8d9e19e-5598-428c-ae03-b1cd44968b41",
          "display": "Johndoe ABDM NCG",
          "type": "Patient"
        },
        "recordedDate": "2024-08-06T12:18:11+05:30",
        "recorder": {
          "reference": "urn:uuid:41295111-04f9-4b83-b186-ef2975db1c7e",
          "type": "Practitioner"
        },
        "note": [
          {
            "text": "The patient reports of: Penicillin allergy which is of type: medication"
          }
        ]
      }
    },
    {
      "fullUrl": "urn:uuid:93927a08-b808-4716-8f0b-765a9620259b",
      "resource": {
        "resourceType": "Condition",
        "id": "93927a08-b808-4716-8f0b-765a9620259b",
        "meta": {
          "versionId": "0",
          "lastUpdated": "2024-08-06T12:18:11.170+05:30",
          "profile": [
            "https://nrces.in/ndhm/fhir/r4/StructureDefinition/Condition"
          ]
        },
        "verificationStatus": {
          "coding": [
            {
              "code": "unconfirmed",
              "system": "http://terminology.hl7.org/CodeSystem/condition-ver-status",
              "display": "Unconfirmed"
            }
          ]
        },
        "category": [
          {
            "coding": [
              {
                "code": "problem-list-item",
                "system": "http://terminology.hl7.org/CodeSystem/condition-category",
                "display": "Problem List Item"
              }
            ],
            "text": "Problem List Item"
          }
        ],
        "code": {
          "coding": [
            {
              "code": "38341003",
              "system": "http://snomed.info/sct",
              "display": "High blood pressure"
            }
          ],
          "text": "Hypertension"
        },
        "subject": {
          "reference": "urn:uuid:f8d9e19e-5598-428c-ae03-b1cd44968b41",
          "display": "Johndoe ABDM NCG",
          "type": "Patient"
        },
        "recordedDate": "2024-08-06T12:18:11+05:30"
      }
    },
    {
      "fullUrl": "urn:uuid:f8c8b222-7099-4f96-90cc-4efc8adc520a",
      "resource": {
        "resourceType": "Condition",
        "id": "f8c8b222-7099-4f96-90cc-4efc8adc520a",
        "meta": {
          "versionId": "0",
          "lastUpdated": "2024-08-06T12:18:11.170+05:30",
          "profile": [
            "https://nrces.in/ndhm/fhir/r4/StructureDefinition/Condition"
          ]
        },
        "verificationStatus": {
          "coding": [
            {
              "code": "unconfirmed",
              "system": "http://terminology.hl7.org/CodeSystem/condition-ver-status",
              "display": "Unconfirmed"
            }
          ]
        },
        "category": [
          {
            "coding": [
              {
                "code": "encounter-diagnosis",
                "system": "http://terminology.hl7.org/CodeSystem/condition-category",
                "display": "Encounter Diagnosis"
              }
            ],
            "text": "Encounter Diagnosis"
          }
        ],
        "code": {
          "coding": [
            {
              "code": "53741008",
              "system": "http://snomed.info/sct",
              "display": "Coronary artery disease"
            }
          ],
          "text": "This code represents the diagnosis of coronary artery disease, a condition characterized by the narrowing or blockage of the coronary arteries due to atherosclerosis, which can lead to chest pain, heart attacks, and other complications."
        },
        "subject": {
          "reference": "urn:uuid:f8d9e19e-5598-428c-ae03-b1cd44968b41",
          "display": "Johndoe ABDM NCG",
          "type": "Patient"
        },
        "recordedDate": "2024-08-06T12:18:11+05:30"
      }
    },
    {
      "fullUrl": "urn:uuid:ae41cf33-112d-4082-adc9-ce4c8bf7c304",
      "resource": {
        "resourceType": "AdverseEvent",
        "id": "ae41cf33-112d-4082-adc9-ce4c8bf7c304",
        "meta": {
          "versionId": "0",
          "lastUpdated": "2024-08-06T12:18:11.185+05:30",
          "profile": [
            "https://nrces.in/ndhm/fhir/r4/StructureDefinition/AdverseEvent"
          ]
        },
        "identifier": {
          "system": "http://example.com/adverseEvent",
          "value": "ae41cf33-112d-4082-adc9-ce4c8bf7c304"
        },
        "actuality": "actual",
        "category": [
          {
            "coding": [
              {
                "code": "product-use-error",
                "system": "http://terminology.hl7.org/CodeSystem/adverse-event-category",
                "display": "Product Use Error"
              }
            ],
            "text": "Product Use Error"
          }
        ],
        "subject": {
          "reference": "urn:uuid:f8d9e19e-5598-428c-ae03-b1cd44968b41",
          "type": "Patient"
        },
        "date": "2024-08-06T12:18:11+05:30",
        "detected": "2024-08-06T12:18:11+05:30",
        "recordedDate": "2024-08-06T12:18:11+05:30",
        "seriousness": {
          "coding": [
            {
              "code": "24484000",
              "system": "http://snomed.info/sct",
              "display": "Severe"
            }
          ],
          "text": "Serious"
        },
        "outcome": {
          "coding": [
            {
              "code": "recovered",
              "system": "http://terminology.hl7.org/CodeSystem/adverse-event-outcome",
              "display": "Recovered"
            }
          ],
          "text": "Resolved"
        },
        "recorder": {
          "reference": "urn:uuid:41295111-04f9-4b83-b186-ef2975db1c7e",
          "type": "Practitioner"
        },
        "event": {
          "coding": [
            {
              "code": "422587007",
              "system": "http://snomed.info/sct",
              "display": "Adverse reaction caused by drug"
            }
          ]
        },
        "severity": {
          "coding": [
            {
              "code": "severe",
              "system": "http://terminology.hl7.org/CodeSystem/adverse-event-severity",
              "display": "Severe"
            }
          ]
        },
        "suspectEntity": [
          {
            "instance": {
              "reference": "Medication/6789"
            }
          }
        ]
      }
    },
    {
      "fullUrl": "urn:uuid:2388c966-2604-48c1-b1de-f810f0d6eb11",
      "resource": {
        "resourceType": "Procedure",
        "id": "2388c966-2604-48c1-b1de-f810f0d6eb11",
        "meta": {
          "versionId": "0",
          "lastUpdated": "2024-08-06T12:18:11.173+05:30",
          "profile": [
            "https://nrces.in/ndhm/fhir/r4/StructureDefinition/Procedure"
          ]
        },
        "status": "preparation",
        "code": {
          "coding": [
            {
              "code": "699282002",
              "system": "http://snomed.info/sct",
              "display": "Hypertension diet assessment (procedure)"
            }
          ],
          "text": "Hypertension diet assessment (procedure)"
        },
        "subject": {
          "reference": "urn:uuid:f8d9e19e-5598-428c-ae03-b1cd44968b41",
          "type": "Patient"
        },
        "performedDateTime": "2020-01-01T10:30:00+05:30",
        "note": [
          {
            "text": "This patient is suffering from Stage 2 Hypertension."
          }
        ]
      }
    },
    {
      "fullUrl": "urn:uuid:60ccb1f6-6a42-4384-8c12-5d04f8f76e36",
      "resource": {
        "resourceType": "Procedure",
        "id": "60ccb1f6-6a42-4384-8c12-5d04f8f76e36",
        "meta": {
          "versionId": "0",
          "lastUpdated": "2024-08-06T12:18:11.173+05:30",
          "profile": [
            "https://nrces.in/ndhm/fhir/r4/StructureDefinition/Procedure"
          ]
        },
        "status": "preparation",
        "code": {
          "coding": [
            {
              "code": "232717009",
              "system": "http://snomed.info/sct",
              "display": "Coronary artery bypass grafting (procedure)"
            }
          ],
          "text": "Coronary artery bypass grafting (procedure)"
        },
        "subject": {
          "reference": "urn:uuid:f8d9e19e-5598-428c-ae03-b1cd44968b41",
          "type": "Patient"
        },
        "performedDateTime": "2022-12-01T10:30:00+05:30",
        "note": [
          {
            "text": "This patient is suffering from severe coronary artery disease. This is a critical condition!"
          }
        ]
      }
    },
    {
      "fullUrl": "urn:uuid:cbd93548-26e5-4e10-b2b5-485f662be731",
      "resource": {
        "resourceType": "ServiceRequest",
        "id": "cbd93548-26e5-4e10-b2b5-485f662be731",
        "status": "active",
        "intent": "order",
        "code": {
          "text": "Chest CT"
        },
        "subject": {
          "reference": "urn:uuid:f8d9e19e-5598-428c-ae03-b1cd44968b41",
          "display": "Johndoe ABDM NCG",
          "type": "Patient"
        },
        "occurrenceDateTime": "2024-11-08T09:33:27+07:00",
        "requester": {
          "reference": "urn:uuid:dc36f7c9-7ea5-4984-a02e-7102c215db17",
          "type": "Practitioner"
        }
      }
    },
    {
      "fullUrl": "urn:uuid:1a78f6f9-23b3-4d93-8948-1b7b056db92a",
      "resource": {
        "resourceType": "ServiceRequest",
        "id": "1a78f6f9-23b3-4d93-8948-1b7b056db92a",
        "status": "active",
        "intent": "order",
        "code": {
          "text": "Thyroxine (T4) free [Mass/​volume] in Serum or Plasma"
        },
        "subject": {
          "reference": "urn:uuid:f8d9e19e-5598-428c-ae03-b1cd44968b41",
          "type": "Patient"
        },
        "occurrenceDateTime": "2024-12-27T09:33:27+07:00",
        "requester": {
          "reference": "urn:uuid:dc36f7c9-7ea5-4984-a02e-7102c215db17",
          "type": "Practitioner"
        }
      }
    },
    {
      "fullUrl": "urn:uuid:b89d75ac-e95d-43f3-8ddd-cb9395d03a58",
      "resource": {
        "resourceType": "Procedure",
        "id": "b89d75ac-e95d-43f3-8ddd-cb9395d03a58",
        "meta": {
          "versionId": "0",
          "lastUpdated": "2024-08-06T12:18:11.173+05:30",
          "profile": [
            "https://nrces.in/ndhm/fhir/r4/StructureDefinition/Procedure"
          ]
        },
        "status": "completed",
        "code": {
          "coding": [
            {
              "code": "448826009",
              "system": "http://snomed.info/sct",
              "display": "Brief operative note"
            }
          ],
          "text": "Surgical summary with post Op Course"
        },
        "subject": {
          "reference": "urn:uuid:f8d9e19e-5598-428c-ae03-b1cd44968b41",
          "type": "Patient"
        },
        "performedDateTime": "2022-12-01T10:30:00+05:30",
        "note": [
          {
            "text": "Surgical summary with post Op Course"
          }
        ],
        "report": [
          {
            "reference": "urn:uuid:0d844560-5ee8-4828-8a76-a837cf6086e3",
            "type": "DocumentReference"
          }
        ]
      }
    },
    {
      "fullUrl": "urn:uuid:0d844560-5ee8-4828-8a76-a837cf6086e3",
      "resource": {
        "resourceType": "DocumentReference",
        "id": "0d844560-5ee8-4828-8a76-a837cf6086e3",
        "meta": {
          "versionId": "0",
          "lastUpdated": "2024-08-06T12:18:11.136+05:30",
          "profile": [
            "https://nrces.in/ndhm/fhir/r4/StructureDefinition/DocumentReference"
          ]
        },
        "status": "current",
        "type": {
          "coding": [
            {
              "code": "448826009",
              "system": "http://snomed.info/sct",
              "display": "Brief operative note"
            }
          ],
          "text": "Bone marrow or peripheral blood Surgical summary with post Op Course report"
        },
        "subject": {
          "reference": "urn:uuid:f8d9e19e-5598-428c-ae03-b1cd44968b41",
          "display": "Johndoe ABDM NCG",
          "type": "Patient"
        },
        "content": [
          {
            "attachment": {
              "contentType": "application/pdf",
              "data": "Qm9uZSBtYXJyb3c=",
              "title": "Bone marrow or peripheral blood Surgical summary with post Op Course"
            }
          }
        ]
      }
    },
    {
      "fullUrl": "urn:uuid:60a988cf-696a-4901-ab43-f4e0da39620b",
      "resource": {
        "resourceType": "DocumentReference",
        "id": "60a988cf-696a-4901-ab43-f4e0da39620b",
        "meta": {
          "versionId": "0",
          "lastUpdated": "2024-08-06T12:18:11.185+05:30",
          "profile": [
            "https://nrces.in/ndhm/fhir/r4/StructureDefinition/DocumentReference"
          ]
        },
        "status": "current",
        "type": {
          "coding": [
            {
              "code": "34751-8",
              "system": "http://loinc.org",
              "display": "Anesthesiology Preoperative evaluation and management note"
            }
          ],
          "text": "Anesthesiology Preoperative evaluation and management note"
        },
        "subject": {
          "reference": "urn:uuid:f8d9e19e-5598-428c-ae03-b1cd44968b41",
          "display": "Johndoe ABDM NCG",
          "type": "Patient"
        },
        "content": [
          {
            "attachment": {
              "contentType": "application/pdf",
              "data": "bHVuZzZtb3d0",
              "title": "Evaluation note"
            }
          }
        ]
      }
    },
    {
      "fullUrl": "urn:uuid:527c2a41-35d6-42aa-96fa-528865ea07e0",
      "resource": {
        "resourceType": "Condition",
        "id": "527c2a41-35d6-42aa-96fa-528865ea07e0",
        "meta": {
          "versionId": "0",
          "lastUpdated": "2024-08-06T12:18:11.116+05:30",
          "profile": [
            "https://nrces.in/ndhm/fhir/r4/StructureDefinition/Condition"
          ]
        },
        "clinicalStatus": {
          "coding": [
            {
              "code": "active",
              "system": "http://terminology.hl7.org/CodeSystem/condition-clinical",
              "display": "active"
            }
          ],
          "text": "Active"
        },
        "code": {
          "coding": [
            {
              "code": "91861009",
              "system": "http://snomed.info/sct",
              "display": "Acute Myeloid leukemia"
            }
          ],
          "text": "Acute Myeloid leukemia"
        },
        "subject": {
          "reference": "urn:uuid:f8d9e19e-5598-428c-ae03-b1cd44968b41",
          "type": "Patient"
        }
      }
    },
    {
      "fullUrl": "urn:uuid:a3b919b1-a69e-4e3b-8e24-39dd0897a9bf",
      "resource": {
        "resourceType": "Condition",
        "id": "a3b919b1-a69e-4e3b-8e24-39dd0897a9bf",
        "meta": {
          "versionId": "0",
          "lastUpdated": "2024-08-06T12:18:11.145+05:30",
          "profile": [
            "https://nrces.in/ndhm/fhir/r4/StructureDefinition/Condition"
          ]
        },
        "clinicalStatus": {
          "coding": [
            {
              "code": "active",
              "system": "http://terminology.hl7.org/CodeSystem/condition-clinical",
              "display": "active"
            }
          ],
          "text": "Active"
        },
        "code": {
          "coding": [
            {
              "code": "269475001",
              "system": "http://snomed.info/sct",
              "display": "Malignant tumor of lymphoid hemopoietic and related tissue"
            }
          ],
          "text": "Malignant tumor of lymphoid hemopoietic and related tissue"
        },
        "subject": {
          "reference": "urn:uuid:f8d9e19e-5598-428c-ae03-b1cd44968b41",
          "display": "Johndoe ABDM NCG",
          "type": "Patient"
        }
      }
    },
    {
      "fullUrl": "urn:uuid:fdf34b46-f242-40a9-92c4-03ddcb6ccf33",
      "resource": {
        "resourceType": "DocumentReference",
        "id": "fdf34b46-f242-40a9-92c4-03ddcb6ccf33",
        "meta": {
          "versionId": "0",
          "lastUpdated": "2024-08-06T12:18:11.158+05:30",
          "profile": [
            "https://nrces.in/ndhm/fhir/r4/StructureDefinition/DocumentReference"
          ]
        },
        "status": "current",
        "type": {
          "coding": [
            {
              "code": "12345",
              "system": "http://snomed.info/sct",
              "display": "Joint clinic notes"
            }
          ],
          "text": "Joint clinic notes report"
        },
        "subject": {
          "reference": "urn:uuid:f8d9e19e-5598-428c-ae03-b1cd44968b41",
          "display": "Johndoe ABDM NCG",
          "type": "Patient"
        },
        "content": [
          {
            "attachment": {
              "contentType": "application/pdf",
              "data": "bmtuaw==",
              "title": "Joint clinic notes"
            }
          }
        ]
      }
    },
    {
      "fullUrl": "urn:uuid:63feeb79-c900-4756-814e-ba33f223781e",
      "resource": {
        "resourceType": "Procedure",
        "id": "63feeb79-c900-4756-814e-ba33f223781e",
        "meta": {
          "versionId": "0",
          "lastUpdated": "2024-08-06T12:18:11.158+05:30",
          "profile": [
            "https://nrces.in/ndhm/fhir/r4/StructureDefinition/Procedure"
          ]
        },
        "status": "completed",
        "code": {
          "coding": [
            {
              "code": "108290001",
              "system": "http://snomed.info/sct",
              "display": "Radiotherapy"
            }
          ],
          "text": "Radiotherapy"
        },
        "subject": {
          "reference": "urn:uuid:f8d9e19e-5598-428c-ae03-b1cd44968b41",
          "type": "Patient"
        },
        "report": [
          {
            "reference": "urn:uuid:4849a8dd-4d03-4924-b841-c1cacceed856",
            "type": "DocumentReference"
          }
        ]
      }
    },
    {
      "fullUrl": "urn:uuid:4849a8dd-4d03-4924-b841-c1cacceed856",
      "resource": {
        "resourceType": "DocumentReference",
        "id": "4849a8dd-4d03-4924-b841-c1cacceed856",
        "meta": {
          "versionId": "0",
          "lastUpdated": "2024-08-06T12:18:11.158+05:30",
          "profile": [
            "https://nrces.in/ndhm/fhir/r4/StructureDefinition/DocumentReference"
          ]
        },
        "status": "current",
        "type": {
          "coding": [
            {
              "code": "108290001",
              "system": "http://snomed.info/sct",
              "display": "Radiotherapy"
            }
          ],
          "text": "Radiotherapy report"
        },
        "subject": {
          "reference": "urn:uuid:f8d9e19e-5598-428c-ae03-b1cd44968b41",
          "display": "Johndoe ABDM NCG",
          "type": "Patient"
        },
        "content": [
          {
            "attachment": {
              "contentType": "application/pdf",
              "data": "bmprbmtqbmpr",
              "title": "Radiotherapy"
            }
          }
        ]
      }
    },
    {
      "fullUrl": "urn:uuid:0f93de84-cf1a-4c5f-aa81-89ae1facdcb8",
      "resource": {
        "resourceType": "Procedure",
        "id": "0f93de84-cf1a-4c5f-aa81-89ae1facdcb8",
        "meta": {
          "versionId": "0",
          "lastUpdated": "2024-08-06T12:18:11.158+05:30",
          "profile": [
            "https://nrces.in/ndhm/fhir/r4/StructureDefinition/Procedure"
          ]
        },
        "status": "completed",
        "code": {
          "coding": [
            {
              "code": "84755001",
              "system": "http://snomed.info/sct",
              "display": "Radiation therapy treatment management"
            }
          ],
          "text": "Response - interim and end of therapy"
        },
        "subject": {
          "reference": "urn:uuid:f8d9e19e-5598-428c-ae03-b1cd44968b41",
          "type": "Patient"
        },
        "report": [
          {
            "reference": "urn:uuid:251804aa-e972-47a7-9fa1-e895f8c75b8d",
            "type": "DocumentReference"
          }
        ]
      }
    },
    {
      "fullUrl": "urn:uuid:251804aa-e972-47a7-9fa1-e895f8c75b8d",
      "resource": {
        "resourceType": "DocumentReference",
        "id": "251804aa-e972-47a7-9fa1-e895f8c75b8d",
        "meta": {
          "versionId": "0",
          "lastUpdated": "2024-08-06T12:18:11.158+05:30",
          "profile": [
            "https://nrces.in/ndhm/fhir/r4/StructureDefinition/DocumentReference"
          ]
        },
        "status": "current",
        "type": {
          "coding": [
            {
              "code": "84755001",
              "system": "http://snomed.info/sct",
              "display": "Radiation therapy treatment management"
            }
          ],
          "text": "Response - interim and end of therapy report"
        },
        "subject": {
          "reference": "urn:uuid:f8d9e19e-5598-428c-ae03-b1cd44968b41",
          "display": "Johndoe ABDM NCG",
          "type": "Patient"
        },
        "content": [
          {
            "attachment": {
              "contentType": "application/pdf",
              "data": "bmprbmtqbmpr",
              "title": "Response - interim and end of therapy"
            }
          }
        ]
      }
    },
    {
      "fullUrl": "urn:uuid:1d02a89a-4cc4-4005-9a1e-1363a4bfd088",
      "resource": {
        "resourceType": "DocumentReference",
        "id": "1d02a89a-4cc4-4005-9a1e-1363a4bfd088",
        "meta": {
          "versionId": "0",
          "lastUpdated": "2024-08-06T12:18:11.158+05:30",
          "profile": [
            "https://nrces.in/ndhm/fhir/r4/StructureDefinition/DocumentReference"
          ]
        },
        "status": "current",
        "type": {
          "coding": [
            {
              "code": "818981001",
              "system": "http://snomed.info/sct",
              "display": "Cross-sectional abdomen"
            }
          ],
          "text": "Joint clinic notes report"
        },
        "subject": {
          "reference": "urn:uuid:f8d9e19e-5598-428c-ae03-b1cd44968b41",
          "display": "Janedoe ABDM NCG",
          "type": "Patient"
        },
        "content": [
          {
            "attachment": {
              "contentType": "application/pdf",
              "data": "bmtuaw==",
              "title": "Joint clinic notes"
            }
          }
        ]
      }
    },
    {
      "fullUrl": "urn:uuid:46dffb8e-4c7c-480d-aacd-e4284d813801",
      "resource": {
        "resourceType": "MedicationAdministration",
        "id": "46dffb8e-4c7c-480d-aacd-e4284d813801",
        "meta": {
          "versionId": "0",
          "lastUpdated": "2024-08-06T12:18:11.185+05:30",
          "profile": [
            "https://nrces.in/ndhm/fhir/r4/StructureDefinition/MedicationAdministration"
          ]
        },
        "status": "completed",
        "subject": {
          "reference": "urn:uuid:f8d9e19e-5598-428c-ae03-b1cd44968b41",
          "display": "Janedoe ABDM NCG",
          "type": "Patient"
        },
        "effectiveDateTime": "2024-09-24T09:00:00Z",
        "category": {
          "coding": [
            {
              "code": "18629005",
              "system": "http://snomed.info/sct",
              "display": "Administration of drug or medicament"
            }
          ],
          "text": "Administration of drug or medicament"
        },
        "medicationCodeableConcept": {
          "coding": [
            {
              "code": "582620",
              "system": "http://www.nlm.nih.gov/research/umls/rxnorm",
              "display": "R-CHOP Chemotherapy"
            }
          ]
        },
        "dosage": {
          "text": "Administer Cycle 3 of R-CHOP chemotherapy"
        }
      }
    },
    {
      "fullUrl": "urn:uuid:5239ed75-4135-4a3e-8511-bdef1a1632e6",
      "resource": {
        "resourceType": "AdverseEvent",
        "id": "5239ed75-4135-4a3e-8511-bdef1a1632e6",
        "meta": {
          "versionId": "0",
          "lastUpdated": "2024-08-06T12:18:11.185+05:30",
          "profile": [
            "https://nrces.in/ndhm/fhir/r4/StructureDefinition/AdverseEvent"
          ]
        },
        "identifier": {
          "system": "http://example.com/adverseEvent",
          "value": "5239ed75-4135-4a3e-8511-bdef1a1632e6"
        },
        "actuality": "actual",
        "event": {
          "coding": [
            {
              "code": "304540007",
              "system": "http://snomed.info/sct",
              "display": "Adverse reaction to chemotherapy"
            }
          ]
        },
        "category": [
          {
            "coding": [
              {
                "code": "304540007",
                "system": "http://snomed.info/sct",
                "display": "Chemotherapy-related toxicity"
              }
            ],
            "text": "Patient experienced mild paresthesia following chemotherapy."
          }
        ],
        "seriousness": {
          "coding": [
            {
              "code": "274350006",
              "system": "http://snomed.info/sct",
              "display": "Paresthesia"
            }
          ]
        },
        "severity": {
          "coding": [
            {
              "code": "80323-8",
              "system": "http://loinc.org",
              "display": "Grade 1 CTCAE toxicity"
            }
          ]
        },
        "date": "2024-09-17T09:00:00Z",
        "subject": {
          "reference": "urn:uuid:f8d9e19e-5598-428c-ae03-b1cd44968b41",
          "display": "Janedoe ABDM NCG",
          "type": "Patient"
        }
      }
    },
    {
      "fullUrl": "urn:uuid:a3ccf575-da29-4f59-bb9f-8cc08fde8e33",
      "resource": {
        "resourceType": "Appointment",
        "id": "a3ccf575-da29-4f59-bb9f-8cc08fde8e33",
        "status": "booked",
        "appointmentType": {
          "coding": [
            {
              "code": "258245002",
              "system": "http://snomed.info/sct",
              "display": "Radiotherapy treatment simulation"
            }
          ]
        },
        "start": "2021-12-09T13:30:00Z",
        "description": "Provisional RT Starting date 2021-12-24 on TRUEBEAM, RAPID ARC",
        "participant": [
          {
            "actor": {
              "reference": "urn:uuid:083c2832-0571-406c-8db8-917fe54dc90d",
              "display": "HBB-Basement RT Console",
              "type": "Location"
            },
            "status": "accepted"
          }
        ]
      }
    },
    {
      "fullUrl": "urn:uuid:a52acb45-c6a7-4650-968f-b7f34de0db25",
      "resource": {
        "resourceType": "ServiceRequest",
        "id": "a52acb45-c6a7-4650-968f-b7f34de0db25",
        "status": "active",
        "intent": "order",
        "category": [
          {
            "coding": [
              {
                "code": "103693007",
                "system": "http://snomed.info/sct",
                "display": "Therapeutic procedure"
              }
            ]
          }
        ],
        "code": {
          "coding": [
            {
              "code": "136873007",
              "system": "http://snomed.info/sct",
              "display": "Radiotherapy treatment"
            }
          ],
          "text": "Radiotherapy treatment"
        },
        "subject": {
          "reference": "urn:uuid:f8d9e19e-5598-428c-ae03-b1cd44968b41",
          "display": "John Doe",
          "type": "Patient"
        },
        "occurrenceDateTime": "2021-12-24T00:00:00Z",
        "requester": {
          "reference": "urn:uuid:dc36f7c9-7ea5-4984-a02e-7102c215db17",
          "display": "Dr. Smith",
          "type": "Practitioner"
        }
      }
    },
    {
      "fullUrl": "urn:uuid:b1bf7889-9c56-4707-aa1e-3b21a5a359d0",
      "resource": {
        "resourceType": "Observation",
        "id": "b1bf7889-9c56-4707-aa1e-3b21a5a359d0",
        "category": [
          {
            "coding": [
              {
                "code": "vital-signs",
                "system": "http://terminology.hl7.org/CodeSystem/observation-category",
                "display": "Vital Signs"
              }
            ]
          }
        ],
        "code": {
          "coding": [
            {
              "code": "8310-5",
              "system": "http://loinc.org",
              "display": "Body Temperature"
            }
          ]
        },
        "effectiveDateTime": "2024-09-30T12:00:00Z",
        "valueQuantity": {
          "value": 98,
          "code": "[degF]",
          "system": "http://unitsofmeasure.org",
          "unit": "°F"
        },
        "subject": {
          "reference": "urn:uuid:c4d052b5-2d9f-4ebf-b617-764efffa08de",
          "display": "Janedoe ABDM NCG"
        },
        "status": "final"
      }
    },
    {
      "fullUrl": "urn:uuid:ce490d3d-3f41-496a-be2d-7acd40326806",
      "resource": {
        "resourceType": "Observation",
        "id": "ce490d3d-3f41-496a-be2d-7acd40326806",
        "category": [
          {
            "coding": [
              {
                "code": "vital-signs",
                "system": "http://terminology.hl7.org/CodeSystem/observation-category",
                "display": "Vital Signs"
              }
            ]
          }
        ],
        "code": {
          "coding": [
            {
              "code": "8867-4",
              "system": "http://loinc.org",
              "display": "Heart rate"
            }
          ]
        },
        "effectiveDateTime": "2024-09-30T12:00:00Z",
        "valueQuantity": {
          "value": 94,
          "code": "/min",
          "system": "http://unitsofmeasure.org",
          "unit": "/min"
        },
        "subject": {
          "reference": "urn:uuid:c4d052b5-2d9f-4ebf-b617-764efffa08de",
          "display": "Janedoe ABDM NCG"
        },
        "status": "final"
      }
    },
    {
      "fullUrl": "urn:uuid:7be9b46e-9711-43c5-8f82-37bc50112434",
      "resource": {
        "resourceType": "Observation",
        "id": "7be9b46e-9711-43c5-8f82-37bc50112434",
        "category": [
          {
            "coding": [
              {
                "code": "vital-signs",
                "system": "http://terminology.hl7.org/CodeSystem/observation-category",
                "display": "Vital Signs"
              }
            ]
          }
        ],
        "code": {
          "coding": [
            {
              "code": "9279-1",
              "system": "http://loinc.org",
              "display": "Respiratory Rate"
            }
          ]
        },
        "effectiveDateTime": "2024-09-30T12:00:00Z",
        "valueQuantity": {
          "value": 22,
          "code": "/min",
          "system": "http://unitsofmeasure.org",
          "unit": "/min"
        },
        "subject": {
          "reference": "urn:uuid:c4d052b5-2d9f-4ebf-b617-764efffa08de",
          "display": "Janedoe ABDM NCG"
        },
        "status": "final"
      }
    },
    {
      "fullUrl": "urn:uuid:1a1fc8ff-9d82-4d90-9de2-94e48a7369ff",
      "resource": {
        "resourceType": "Observation",
        "id": "1a1fc8ff-9d82-4d90-9de2-94e48a7369ff",
        "category": [
          {
            "coding": [
              {
                "code": "vital-signs",
                "system": "http://terminology.hl7.org/CodeSystem/observation-category",
                "display": "Vital Signs"
              }
            ]
          }
        ],
        "status": "final",
        "code": {
          "coding": [
            {
              "code": "85354-9",
              "system": "http://loinc.org",
              "display": "Blood pressure panel with all children optional"
            }
          ]
        },
        "effectiveDateTime": "2024-09-30T12:00:00Z",
        "component": [
          {
            "code": {
              "coding": [
                {
                  "code": "8480-6",
                  "system": "http://loinc.org",
                  "display": "Systolic blood pressure"
                }
              ]
            },
            "valueQuantity": {
              "value": 100,
              "code": "mm[Hg]",
              "system": "http://unitsofmeasure.org",
              "unit": "mmHg"
            }
          },
          {
            "code": {
              "coding": [
                {
                  "code": "8462-4",
                  "system": "http://loinc.org",
                  "display": "Diastolic blood pressure"
                }
              ]
            },
            "valueQuantity": {
              "value": 75,
              "code": "mm[Hg]",
              "system": "http://unitsofmeasure.org",
              "unit": "mmHg"
            }
          }
        ],
        "subject": {
          "reference": "urn:uuid:c4d052b5-2d9f-4ebf-b617-764efffa08de",
          "display": "Janedoe ABDM NCG"
        }
      }
    },
    {
      "fullUrl": "urn:uuid:bf4669ff-07fc-4ce2-a7f6-1eed70622d8a",
      "resource": {
        "resourceType": "Observation",
        "id": "bf4669ff-07fc-4ce2-a7f6-1eed70622d8a",
        "category": [
          {
            "coding": [
              {
                "code": "vital-signs",
                "system": "http://terminology.hl7.org/CodeSystem/observation-category",
                "display": "Vital Signs"
              }
            ]
          }
        ],
        "code": {
          "coding": [
            {
              "code": "2708-6",
              "system": "http://loinc.org",
              "display": "Oxygen saturation in Arterial blood"
            }
          ]
        },
        "effectiveDateTime": "2024-09-30T12:00:00Z",
        "valueQuantity": {
          "value": 99,
          "code": "%",
          "system": "http://unitsofmeasure.org",
          "unit": "%"
        },
        "subject": {
          "reference": "urn:uuid:c4d052b5-2d9f-4ebf-b617-764efffa08de",
          "display": "Janedoe ABDM NCG"
        },
        "status": "final"
      }
    },
    {
      "fullUrl": "urn:uuid:b0bbe38b-d0bf-4ec9-a211-e84daf347fed",
      "resource": {
        "resourceType": "Observation",
        "id": "b0bbe38b-d0bf-4ec9-a211-e84daf347fed",
        "category": [
          {
            "coding": [
              {
                "code": "vital-signs",
                "system": "http://terminology.hl7.org/CodeSystem/observation-category",
                "display": "Vital Signs"
              }
            ]
          }
        ],
        "code": {
          "coding": [
            {
              "code": "38208-5",
              "system": "http://loinc.org",
              "display": "Pain severity - Reported"
            }
          ]
        },
        "effectiveDateTime": "2024-09-30T12:00:00Z",
        "valueQuantity": {
          "value": 1,
          "code": "mg/dL",
          "system": "http://unitsofmeasure.org",
          "unit": "/10"
        },
        "subject": {
          "reference": "urn:uuid:c4d052b5-2d9f-4ebf-b617-764efffa08de",
          "display": "Janedoe ABDM NCG"
        },
        "status": "final"
      }
    },
    {
      "fullUrl": "urn:uuid:f1fadb91-cd4a-422d-bf04-955fd5eefb3a",
      "resource": {
        "resourceType": "Observation",
        "id": "f1fadb91-cd4a-422d-bf04-955fd5eefb3a",
        "category": [
          {
            "coding": [
              {
                "code": "vital-signs",
                "system": "http://terminology.hl7.org/CodeSystem/observation-category",
                "display": "Vital Signs"
              }
            ]
          }
        ],
        "code": {
          "coding": [
            {
              "code": "29463-7",
              "system": "http://loinc.org",
              "display": "Weight"
            }
          ]
        },
        "effectiveDateTime": "2024-09-30T12:00:00Z",
        "valueQuantity": {
          "value": 43.9,
          "code": "kg",
          "system": "http://unitsofmeasure.org",
          "unit": "kg"
        },
        "subject": {
          "reference": "urn:uuid:c4d052b5-2d9f-4ebf-b617-764efffa08de",
          "display": "Janedoe ABDM NCG"
        },
        "status": "final"
      }
    },
    {
      "fullUrl": "urn:uuid:e2da4251-3030-4d3d-a263-8d10afe424ee",
      "resource": {
        "resourceType": "Observation",
        "id": "e2da4251-3030-4d3d-a263-8d10afe424ee",
        "category": [
          {
            "coding": [
              {
                "code": "vital-signs",
                "system": "http://terminology.hl7.org/CodeSystem/observation-category",
                "display": "Vital Signs"
              }
            ]
          }
        ],
        "code": {
          "coding": [
            {
              "code": "89247-1",
              "system": "http://loinc.org",
              "display": "ECOG Performance Status score"
            }
          ]
        },
        "valueCodeableConcept": {
          "coding": [
            {
              "code": "89247-1",
              "system": "http://loinc.org",
              "display": "ECOG Performance Status score"
            },
            {
              "code": "425389002",
              "system": "http://snomed.info/sct",
              "display": "Eastern Cooperative Oncology Group performance status - grade 0 (finding)"
            }
          ],
          "text": "ECOG 0"
        },
        "subject": {
          "reference": "urn:uuid:c4d052b5-2d9f-4ebf-b617-764efffa08de",
          "display": "Janedoe ABDM NCG"
        },
        "status": "final"
      }
    },
    {
      "fullUrl": "urn:uuid:aaec0211-c8dc-45ef-8241-2239c85f42cd",
      "resource": {
        "resourceType": "Observation",
        "id": "aaec0211-c8dc-45ef-8241-2239c85f42cd",
        "category": [
          {
            "coding": [
              {
                "code": "vital-signs",
                "system": "http://terminology.hl7.org/CodeSystem/observation-category",
                "display": "Vital Signs"
              }
            ]
          }
        ],
        "code": {
          "coding": [
            {
              "code": "718-7",
              "system": "http://loinc.org",
              "display": "Hemoglobin [Mass/volume] in Blood"
            }
          ]
        },
        "effectiveDateTime": "2024-09-30T12:00:00Z",
        "valueQuantity": {
          "value": 10.7,
          "code": "mg/dL",
          "system": "http://unitsofmeasure.org",
          "unit": "g/dL"
        },
        "subject": {
          "reference": "urn:uuid:c4d052b5-2d9f-4ebf-b617-764efffa08de"
        },
        "status": "final"
      }
    },
    {
      "fullUrl": "urn:uuid:2b14cd33-6e47-46e6-8849-b53573449a35",
      "resource": {
        "resourceType": "Observation",
        "id": "2b14cd33-6e47-46e6-8849-b53573449a35",
        "category": [
          {
            "coding": [
              {
                "code": "vital-signs",
                "system": "http://terminology.hl7.org/CodeSystem/observation-category",
                "display": "Vital Signs"
              }
            ]
          }
        ],
        "code": {
          "coding": [
            {
              "code": "26515-7",
              "system": "http://loinc.org",
              "display": "Platelets [#/volume] in Blood"
            }
          ]
        },
        "effectiveDateTime": "2024-09-30T12:00:00Z",
        "valueQuantity": {
          "value": 204,
          "code": "mg/dL",
          "system": "http://unitsofmeasure.org",
          "unit": "x10^9/L"
        },
        "subject": {
          "reference": "urn:uuid:c4d052b5-2d9f-4ebf-b617-764efffa08de"
        },
        "status": "final"
      }
    },
    {
      "fullUrl": "urn:uuid:605f4666-7121-4b9d-b0f5-663b7b16a9d0",
      "resource": {
        "resourceType": "Observation",
        "id": "605f4666-7121-4b9d-b0f5-663b7b16a9d0",
        "category": [
          {
            "coding": [
              {
                "code": "vital-signs",
                "system": "http://terminology.hl7.org/CodeSystem/observation-category",
                "display": "Vital Signs"
              }
            ]
          }
        ],
        "code": {
          "coding": [
            {
              "code": "6690-2",
              "system": "http://loinc.org",
              "display": "Leukocytes [#/volume] in Blood by Automated count"
            }
          ]
        },
        "effectiveDateTime": "2024-09-30T12:00:00Z",
        "valueQuantity": {
          "value": 3.31,
          "code": "mg/dL",
          "system": "http://unitsofmeasure.org",
          "unit": "x10^9/L"
        },
        "subject": {
          "reference": "urn:uuid:c4d052b5-2d9f-4ebf-b617-764efffa08de"
        },
        "status": "final"
      }
    },
    {
      "fullUrl": "urn:uuid:d854598c-50fe-47e9-a705-e51c79d5faa9",
      "resource": {
        "resourceType": "Observation",
        "id": "d854598c-50fe-47e9-a705-e51c79d5faa9",
        "category": [
          {
            "coding": [
              {
                "code": "vital-signs",
                "system": "http://terminology.hl7.org/CodeSystem/observation-category",
                "display": "Vital Signs"
              }
            ]
          }
        ],
        "code": {
          "coding": [
            {
              "code": "26499-4",
              "system": "http://loinc.org",
              "display": "Neutrophils [#/volume] in Blood"
            }
          ]
        },
        "effectiveDateTime": "2024-09-30T12:00:00Z",
        "valueQuantity": {
          "value": 2.22,
          "code": "mg/dL",
          "system": "http://unitsofmeasure.org",
          "unit": "x10^9/L"
        },
        "subject": {
          "reference": "urn:uuid:c4d052b5-2d9f-4ebf-b617-764efffa08de"
        },
        "status": "final"
      }
    },
    {
      "fullUrl": "urn:uuid:84017e72-e1f5-4b1f-b1db-e7d7bdf3ed19",
      "resource": {
        "resourceType": "Observation",
        "id": "84017e72-e1f5-4b1f-b1db-e7d7bdf3ed19",
        "category": [
          {
            "coding": [
              {
                "code": "vital-signs",
                "system": "http://terminology.hl7.org/CodeSystem/observation-category",
                "display": "Vital Signs"
              }
            ]
          }
        ],
        "code": {
          "coding": [
            {
              "code": "1558-6",
              "system": "http://loinc.org",
              "display": "Fasting glucose [Mass/volume] in Serum or Plasma"
            }
          ],
          "text": "Fasting Blood Glucose"
        },
        "effectiveDateTime": "2024-09-30T12:00:00Z",
        "valueQuantity": {
          "value": 85,
          "code": "mg/dL",
          "system": "http://unitsofmeasure.org",
          "unit": "mg/dL"
        },
        "status": "final"
      }
    },
    {
      "fullUrl": "urn:uuid:84017e72-e1f5-4b2f-b1db-e7d7bdf3ed19",
      "resource": {
        "resourceType": "Observation",
        "id": "84017e72-e1f5-4b2f-b1db-e7d7bdf3ed19",
        "category": [
          {
            "coding": [
              {
                "code": "vital-signs",
                "system": "http://terminology.hl7.org/CodeSystem/observation-category",
                "display": "Vital Signs"
              }
            ]
          }
        ],
        "code": {
          "coding": [
            {
              "code": "3084-1",
              "system": "http://loinc.org",
              "display": "Urate [Mass/volume] in Serum or Plasma"
            }
          ],
          "text": "Uric Acid"
        },
        "effectiveDateTime": "2024-09-30T12:00:00Z",
        "valueQuantity": {
          "value": 4.52,
          "code": "mg/dL",
          "system": "http://unitsofmeasure.org",
          "unit": "mg/dL"
        },
        "status": "final"
      }
    },
    {
      "fullUrl": "urn:uuid:84017e72-e1f5-4b3f-b1db-e7d7bdf3ed19",
      "resource": {
        "resourceType": "Observation",
        "id": "84017e72-e1f5-4b3f-b1db-e7d7bdf3ed19",
        "category": [
          {
            "coding": [
              {
                "code": "vital-signs",
                "system": "http://terminology.hl7.org/CodeSystem/observation-category",
                "display": "Vital Signs"
              }
            ]
          }
        ],
        "code": {
          "coding": [
            {
              "code": "2160-0",
              "system": "http://loinc.org",
              "display": "Creatinine [Mass/volume] in Serum or Plasma"
            }
          ],
          "text": "Serum Creatinine"
        },
        "effectiveDateTime": "2024-09-30T12:00:00Z",
        "valueQuantity": {
          "value": 0.35,
          "code": "mg/dL",
          "system": "http://unitsofmeasure.org",
          "unit": "mg/dL"
        },
        "status": "final"
      }
    },
    {
      "fullUrl": "urn:uuid:84017e72-e1f5-4b4f-b1db-e7d7bdf3ed19",
      "resource": {
        "resourceType": "Observation",
        "id": "84017e72-e1f5-4b4f-b1db-e7d7bdf3ed19",
        "category": [
          {
            "coding": [
              {
                "code": "vital-signs",
                "system": "http://terminology.hl7.org/CodeSystem/observation-category",
                "display": "Vital Signs"
              }
            ]
          }
        ],
        "code": {
          "coding": [
            {
              "code": "1751-7",
              "system": "http://loinc.org",
              "display": "Albumin [Mass/volume] in Serum or Plasma"
            }
          ],
          "text": "Serum Albumin"
        },
        "effectiveDateTime": "2024-09-30T12:00:00Z",
        "valueQuantity": {
          "value": 4.18,
          "code": "g/dL",
          "system": "http://unitsofmeasure.org",
          "unit": "g/dL"
        },
        "status": "final"
      }
    },
    {
      "fullUrl": "urn:uuid:84017e72-e1f5-4b5f-b1db-e7d7bdf3ed19",
      "resource": {
        "resourceType": "Observation",
        "id": "84017e72-e1f5-4b5f-b1db-e7d7bdf3ed19",
        "category": [
          {
            "coding": [
              {
                "code": "vital-signs",
                "system": "http://terminology.hl7.org/CodeSystem/observation-category",
                "display": "Vital Signs"
              }
            ]
          }
        ],
        "code": {
          "coding": [
            {
              "code": "1975-2",
              "system": "http://loinc.org",
              "display": "Bilirubin.total [Mass/volume] in Serum or Plasma"
            }
          ],
          "text": "Total Bilirubin"
        },
        "effectiveDateTime": "2024-09-30T12:00:00Z",
        "valueQuantity": {
          "value": 0.42,
          "code": "mg/dL",
          "system": "http://unitsofmeasure.org",
          "unit": "mg/dL"
        },
        "status": "final"
      }
    },
    {
      "fullUrl": "urn:uuid:84017e72-e1f5-4b6f-b1db-e7d7bdf3ed19",
      "resource": {
        "resourceType": "Observation",
        "id": "84017e72-e1f5-4b6f-b1db-e7d7bdf3ed19",
        "category": [
          {
            "coding": [
              {
                "code": "vital-signs",
                "system": "http://terminology.hl7.org/CodeSystem/observation-category",
                "display": "Vital Signs"
              }
            ]
          }
        ],
        "code": {
          "coding": [
            {
              "code": "1920-8",
              "system": "http://loinc.org",
              "display": "Aspartate aminotransferase [Enzymatic activity/volume] in Serum or Plasma"
            },
            {
              "code": "1742-6",
              "system": "http://loinc.org",
              "display": "Alanine aminotransferase [Enzymatic activity/volume] in Serum or Plasma"
            }
          ],
          "text": "AST/ALT"
        },
        "component": [
          {
            "code": {
              "coding": [
                {
                  "code": "1920-8",
                  "system": "http://loinc.org",
                  "display": "Aspartate aminotransferase [Enzymatic activity/volume] in Serum or Plasma"
                }
              ]
            },
            "valueQuantity": {
              "value": 63,
              "code": "U/L",
              "system": "http://unitsofmeasure.org",
              "unit": "U/L"
            }
          },
          {
            "code": {
              "coding": [
                {
                  "code": "1742-6",
                  "system": "http://loinc.org",
                  "display": "Alanine aminotransferase [Enzymatic activity/volume] in Serum or Plasma"
                }
              ]
            },
            "valueQuantity": {
              "value": 58,
              "code": "U/L",
              "system": "http://unitsofmeasure.org",
              "unit": "U/L"
            }
          }
        ],
        "effectiveDateTime": "2024-09-30T12:00:00Z",
        "status": "final"
      }
    },
    {
      "fullUrl": "urn:uuid:84017e72-e1f5-4b7f-b1db-e7d7bdf3ed19",
      "resource": {
        "resourceType": "Observation",
        "id": "84017e72-e1f5-4b7f-b1db-e7d7bdf3ed19",
        "category": [
          {
            "coding": [
              {
                "code": "vital-signs",
                "system": "http://terminology.hl7.org/CodeSystem/observation-category",
                "display": "Vital Signs"
              }
            ]
          }
        ],
        "code": {
          "coding": [
            {
              "code": "2532-0",
              "system": "http://loinc.org",
              "display": "Lactate dehydrogenase [Enzymatic activity/volume] in Serum or Plasma"
            }
          ],
          "text": "LDH"
        },
        "valueQuantity": {
          "value": 298,
          "code": "U/L",
          "system": "http://unitsofmeasure.org",
          "unit": "U/L"
        },
        "effectiveDateTime": "2024-09-30T12:00:00Z",
        "status": "final"
      }
    },
    {
      "fullUrl": "urn:uuid:84017e72-e1f5-4b8f-b1db-e7d7bdf3ed19",
      "resource": {
        "resourceType": "Observation",
        "id": "84017e72-e1f5-4b8f-b1db-e7d7bdf3ed19",
        "category": [
          {
            "coding": [
              {
                "code": "vital-signs",
                "system": "http://terminology.hl7.org/CodeSystem/observation-category",
                "display": "Vital Signs"
              }
            ]
          }
        ],
        "code": {
          "coding": [
            {
              "code": "17861-6",
              "system": "http://loinc.org",
              "display": "Calcium [Mass/volume] in Serum or Plasma"
            }
          ],
          "text": "Calcium [Mass/volume] in Serum or Plasma"
        },
        "valueQuantity": {
          "value": 9.44,
          "code": "mg/dL",
          "system": "http://unitsofmeasure.org",
          "unit": "mg/dL"
        },
        "effectiveDateTime": "2024-09-30T12:00:00Z",
        "status": "final"
      }
    },
    {
      "fullUrl": "urn:uuid:84017e72-e1f5-4b9f-b1db-e7d7bdf3ed19",
      "resource": {
        "resourceType": "Observation",
        "id": "84017e72-e1f5-4b9f-b1db-e7d7bdf3ed19",
        "category": [
          {
            "coding": [
              {
                "code": "vital-signs",
                "system": "http://terminology.hl7.org/CodeSystem/observation-category",
                "display": "Vital Signs"
              }
            ]
          }
        ],
        "code": {
          "coding": [
            {
              "code": "14879-1",
              "system": "http://loinc.org",
              "display": "Phosphate [Moles/volume] in Serum or Plasma"
            }
          ],
          "text": "Phosphate"
        },
        "valueQuantity": {
          "value": 4.21,
          "code": "mg/dL",
          "system": "http://unitsofmeasure.org",
          "unit": "mg/dL"
        },
        "effectiveDateTime": "2024-09-30T12:00:00Z",
        "status": "final"
      }
    },
    {
      "fullUrl": "urn:uuid:84017e72-e1f5-4b1f-b1db-a7d7bdf3ed19",
      "resource": {
        "resourceType": "Observation",
        "id": "84017e72-e1f5-4b1f-b1db-a7d7bdf3ed19",
        "category": [
          {
            "coding": [
              {
                "code": "vital-signs",
                "system": "http://terminology.hl7.org/CodeSystem/observation-category",
                "display": "Vital Signs"
              }
            ]
          }
        ],
        "code": {
          "coding": [
            {
              "code": "2106-3",
              "system": "http://loinc.org",
              "display": "Choriogonadotropin (pregnancy test) [Presence] in Urine"
            }
          ],
          "text": "Urine Pregnancy Test"
        },
        "valueCodeableConcept": {
          "coding": [
            {
              "code": "260385009",
              "system": "http://snomed.info/sct",
              "display": "Negative"
            }
          ]
        },
        "status": "final"
      }
    },
    {
      "fullUrl": "urn:uuid:84017e72-e1f5-4b1f-b1ab-e7d7bdf3ed19",
      "resource": {
        "resourceType": "Condition",
        "id": "84017e72-e1f5-4b1f-b1ab-e7d7bdf3ed19",
        "clinicalStatus": {
          "coding": [
            {
              "code": "active",
              "system": "http://terminology.hl7.org/CodeSystem/condition-clinical",
              "display": "Active"
            }
          ]
        },
        "verificationStatus": {
          "coding": [
            {
              "code": "confirmed",
              "system": "http://terminology.hl7.org/CodeSystem/condition-ver-status",
              "display": "Confirmed"
            }
          ]
        },
        "category": [
          {
            "coding": [
              {
                "code": "encounter-diagnosis",
                "system": "http://terminology.hl7.org/CodeSystem/condition-category",
                "display": "Encounter Diagnosis"
              }
            ]
          }
        ],
        "subject": {
          "reference": "urn:uuid:f8d9e19e-5598-428c-ae03-b1cd44968b41",
          "display": "Patient"
        },
        "code": {
          "coding": [
            {
              "code": "C83.3",
              "system": "http://hl7.org/fhir/sid/icd-10",
              "display": "Diffuse large B-cell lymphoma"
            }
          ],
          "text": "Relapsed high-grade B-cell lymphoma"
        },
        "note": [
          {
            "text": "Treatment completed: 8 cycles of R-GemOx"
          }
        ]
      }
    },
    {
      "fullUrl": "urn:uuid:84017e72-e1f5-4b1f-b1db-b7d7bdf3ed19",
      "resource": {
        "resourceType": "Observation",
        "id": "84017e72-e1f5-4b1f-b1db-b7d7bdf3ed19",
        "category": [
          {
            "coding": [
              {
                "code": "vital-signs",
                "system": "http://terminology.hl7.org/CodeSystem/observation-category",
                "display": "Vital Signs"
              }
            ]
          }
        ],
        "code": {
          "coding": [
            {
              "code": "82159-5",
              "system": "http://loinc.org",
              "display": "Respiratory pathogens DNA and RNA panel - Nasopharynx by NAA with non-probe detection"
            }
          ],
          "text": "Itching (Pruritus)"
        },
        "bodySite": {
          "coding": [
            {
              "code": "368208006",
              "system": "http://snomed.info/sct",
              "display": "Left upper arm"
            }
          ]
        },
        "note": [
          {
            "text": "With macular lesions"
          }
        ],
        "status": "final"
      }
    },
    {
      "fullUrl": "urn:uuid:84017e72-e1f5-4c1f-b1da-e7d7bdf3ed19",
      "resource": {
        "resourceType": "AdverseEvent",
        "id": "84017e72-e1f5-4c1f-b1da-e7d7bdf3ed19",
        "actuality": "actual",
        "category": [
          {
            "coding": [
              {
                "code": "medication-mishap",
                "system": "http://terminology.hl7.org/CodeSystem/adverse-event-category",
                "display": "Medication Mishap"
              }
            ],
            "text": "Medication Mishap"
          }
        ],
        "event": {
          "coding": [
            {
              "code": "18846006",
              "system": "http://snomed.info/sct",
              "display": "Chemotherapy-induced nausea and vomiting (disorder)"
            }
          ],
          "text": "Chemotherapy-induced nausea and vomiting (CINV)"
        },
        "subject": {
          "reference": "urn:uuid:c4d052b5-2d9f-4ebf-b617-764efffa08de",
          "display": "Janedoe ABDM NCG"
        }
      }
    },
    {
      "fullUrl": "urn:uuid:84017e72-a1f5-4b1f-b1db-c7d7bdf3ed19",
      "resource": {
        "resourceType": "Observation",
        "id": "84017e72-a1f5-4b1f-b1db-c7d7bdf3ed19",
        "category": [
          {
            "coding": [
              {
                "code": "vital-signs",
                "system": "http://terminology.hl7.org/CodeSystem/observation-category",
                "display": "Vital Signs"
              }
            ]
          }
        ],
        "code": {
          "coding": [
            {
              "code": "72049000",
              "system": "http://snomed.info/sct",
              "display": "General condition"
            }
          ],
          "text": "Physical Examination"
        },
        "component": [
          {
            "code": {
              "coding": [
                {
                  "code": "72049000",
                  "system": "http://snomed.info/sct",
                  "display": "General condition"
                }
              ]
            },
            "valueCodeableConcept": {
              "coding": [
                {
                  "code": "17621005",
                  "system": "http://snomed.info/sct",
                  "display": "Normal (qualifier value)"
                }
              ]
            }
          },
          {
            "code": {
              "text": "Head"
            },
            "valueCodeableConcept": {
              "coding": [
                {
                  "code": "17621005",
                  "system": "http://snomed.info/sct",
                  "display": "Normal (qualifier value)"
                }
              ]
            }
          },
          {
            "code": {
              "text": "Eyes"
            },
            "valueCodeableConcept": {
              "coding": [
                {
                  "code": "17621005",
                  "system": "http://snomed.info/sct",
                  "display": "Normal (qualifier value)"
                }
              ]
            }
          },
          {
            "code": {
              "text": "ENT"
            },
            "valueCodeableConcept": {
              "coding": [
                {
                  "code": "17621005",
                  "system": "http://snomed.info/sct",
                  "display": "Normal (qualifier value)"
                }
              ]
            }
          },
          {
            "code": {
              "text": "Cardiovascular"
            },
            "valueCodeableConcept": {
              "coding": [
                {
                  "code": "17621005",
                  "system": "http://snomed.info/sct",
                  "display": "Normal (qualifier value)"
                }
              ]
            }
          },
          {
            "code": {
              "text": "Dermatologic"
            },
            "valueCodeableConcept": {
              "coding": [
                {
                  "code": "263654008",
                  "system": "http://snomed.info/sct",
                  "display": "Abnormal (qualifier value)"
                }
              ],
              "text": "Macular lesions on bilateral forearm and legs"
            }
          },
          {
            "code": {
              "text": "Musculoskeletal"
            },
            "valueCodeableConcept": {
              "coding": [
                {
                  "code": "17621005",
                  "system": "http://snomed.info/sct",
                  "display": "Normal (qualifier value)"
                }
              ]
            }
          },
          {
            "code": {
              "text": "Respiratory"
            },
            "valueCodeableConcept": {
              "coding": [
                {
                  "code": "17621005",
                  "system": "http://snomed.info/sct",
                  "display": "Normal (qualifier value)"
                }
              ]
            }
          },
          {
            "code": {
              "text": "Gastrointestinal"
            },
            "valueCodeableConcept": {
              "coding": [
                {
                  "code": "17621005",
                  "system": "http://snomed.info/sct",
                  "display": "Normal (qualifier value)"
                }
              ]
            }
          },
          {
            "code": {
              "text": "Genitourinary"
            },
            "valueCodeableConcept": {
              "coding": [
                {
                  "code": "17621005",
                  "system": "http://snomed.info/sct",
                  "display": "Normal (qualifier value)"
                }
              ]
            }
          },
          {
            "code": {
              "text": "Neurologic"
            },
            "valueCodeableConcept": {
              "coding": [
                {
                  "code": "17621005",
                  "system": "http://snomed.info/sct",
                  "display": "Normal (qualifier value)"
                }
              ]
            }
          }
        ],
        "status": "final"
      }
    },
    {
      "fullUrl": "urn:uuid:216861b1-ca70-41bc-be26-d5b0994a7019",
      "resource": {
        "resourceType": "ServiceRequest",
        "id": "216861b1-ca70-41bc-be26-d5b0994a7019",
        "status": "active",
        "intent": "order",
        "subject": {
          "reference": "urn:uuid:c4d052b5-2d9f-4ebf-b617-764efffa08de",
          "display": "Janedoe ABDM NCG"
        },
        "code": {
          "coding": [
            {
              "code": "58410-2",
              "system": "http://loinc.org",
              "display": "CBC panel - Blood by Automated count"
            },
            {
              "code": "306146008",
              "system": "http://snomed.info/sct",
              "display": "Referral to chemical pathology service (procedure)"
            },
            {
              "code": "24326-1",
              "system": "http://loinc.org",
              "display": "Electrolytes 1998 panel - Serum or Plasma"
            },
            {
              "code": "2532-0",
              "system": "http://loinc.org",
              "display": "Lactate dehydrogenase [Enzymatic activity/volume] in Serum or Plasma"
            },
            {
              "code": "17861-6",
              "system": "http://loinc.org",
              "display": "Calcium [Mass/volume] in Serum or Plasma"
            },
            {
              "code": "14879-1",
              "system": "http://loinc.org",
              "display": "Phosphate [Moles/volume] in Serum or Plasma"
            },
            {
              "code": "2106-3",
              "system": "http://loinc.org",
              "display": "Choriogonadotropin (pregnancy test) [Presence] in Urine"
            },
            {
              "code": "24865-8",
              "system": "http://loinc.org",
              "display": "CT Pelvis"
            }
          ]
        },
        "occurrenceDateTime": "2024-11-24T00:00:00Z",
        "note": [
          {
            "text": "Next visit in 2 months"
          }
        ]
      }
    },
    {
      "fullUrl": "urn:uuid:123e4567-e89b-12d3-a456-426614174000",
      "resource": {
        "resourceType": "Condition",
        "id": "123e4567-e89b-12d3-a456-426614174000",
        "code": {
          "coding": [
            {
              "code": "C83.3",
              "system": "http://hl7.org/fhir/sid/icd-10",
              "display": "Diffuse large B-cell lymphoma"
            }
          ],
          "text": "Relapsed DLBCL"
        },
        "clinicalStatus": {
          "coding": [
            {
              "code": "active",
              "system": "http://terminology.hl7.org/CodeSystem/condition-clinical",
              "display": "Active"
            }
          ]
        },
        "subject": {
          "reference": "urn:uuid:c4d052b5-2d9f-4ebf-b617-764efffa08de",
          "display": "Janedoe ABDM NCG"
        }
      }
    },
    {
      "fullUrl": "urn:uuid:123e4567-e89b-12d3-a456-426614174001",
      "resource": {
        "resourceType": "MedicationStatement",
        "id": "123e4567-e89b-12d3-a456-426614174001",
        "meta": {
          "profile": [
            "https://nrces.in/ndhm/fhir/r4/StructureDefinition/MedicationStatement"
          ]
        },
        "status": "completed",
        "subject": {
          "reference": "urn:uuid:c4d052b5-2d9f-4ebf-b617-764efffa08de",
          "display": "Janedoe ABDM NCG"
        },
        "medicationCodeableConcept": {
          "coding": [
            {
              "code": "57858007",
              "system": "http://snomed.info/sct",
              "display": "Guanosine diphosphate (substance)"
            }
          ]
        },
        "dateAsserted": "2020-02-02T14:58:58.181+05:30",
        "effectiveDateTime": "2024-10-15T00:00:00Z",
        "note": [
          {
            "text": "Cycle 3 of Chemotherapy (R-CHOP or GDP)"
          }
        ]
      }
    },
    {
      "fullUrl": "urn:uuid:123e4567-e89b-12d3-a456-426614174002",
      "resource": {
        "resourceType": "Observation",
        "id": "123e4567-e89b-12d3-a456-426614174002",
        "category": [
          {
            "coding": [
              {
                "code": "vital-signs",
                "system": "http://terminology.hl7.org/CodeSystem/observation-category",
                "display": "Vital Signs"
              }
            ]
          }
        ],
        "code": {
          "coding": [
            {
              "code": "15628003",
              "system": "http://snomed.info/sct",
              "display": "Gonorrhea (disorder)"
            }
          ],
          "text": "Amenorrhea"
        },
        "valueCodeableConcept": {
          "coding": [
            {
              "code": "263654008",
              "system": "http://snomed.info/sct",
              "display": "Abnormal"
            }
          ]
        },
        "effectiveDateTime": "2024-09-20",
        "subject": {
          "reference": "urn:uuid:c4d052b5-2d9f-4ebf-b617-764efffa08de",
          "display": "Janedoe ABDM NCG"
        },
        "status": "final"
      }
    },
    {
      "fullUrl": "urn:uuid:123e4567-e89b-12d3-a456-426614174003",
      "resource": {
        "resourceType": "Observation",
        "id": "123e4567-e89b-12d3-a456-426614174003",
        "category": [
          {
            "coding": [
              {
                "code": "vital-signs",
                "system": "http://terminology.hl7.org/CodeSystem/observation-category",
                "display": "Vital Signs"
              }
            ]
          }
        ],
        "code": {
          "coding": [
            {
              "code": "19080-1",
              "system": "http://loinc.org",
              "display": "Choriogonadotropin [Units/volume] in Serum or Plasma"
            }
          ],
          "text": "Elevated HCG"
        },
        "valueQuantity": {
          "value": 1500,
          "code": "mg/m2",
          "system": "http://unitsofmeasure.org",
          "unit": "mg/m²"
        },
        "interpretation": [
          {
            "coding": [
              {
                "code": "POS",
                "system": "http://terminology.hl7.org/CodeSystem/v3-ObservationInterpretation",
                "display": "Positive"
              }
            ]
          }
        ],
        "effectiveDateTime": "2024-09-30T12:00:00Z",
        "subject": {
          "reference": "urn:uuid:c4d052b5-2d9f-4ebf-b617-764efffa08de",
          "display": "Janedoe ABDM NCG"
        },
        "status": "final"
      }
    }
  ],
  "signature": {
    "type": [
      {
        "code": "1.2.840.10065.1.12.1.1",
        "system": "urn:iso-astm:E1762-95:2013",
        "display": "Author's Signature"
      }
    ],
    "when": "2020-07-09T07:42:33+10:00",
    "who": {
      "reference": "urn:uuid:dc36f7c9-7ea5-4984-a02e-7102c215db17",
      "display": "Practitioner"
    },
    "sigFormat": "image/jpeg"
  }
}