{
  "resourceType": "Bundle",
  "id": "WellnessRecord-example-01",
  "meta": {
    "versionId": "1",
    "lastUpdated": "2020-07-09T15:32:26.605+05:30",
    "profile": [
      "https://nrces.in/ndhm/fhir/r4/StructureDefinition/DocumentBundle"
    ],
    "security": [
      {
        "code": "V",
        "system": "http://terminology.hl7.org/CodeSystem/v3-Confidentiality",
        "display": "very restricted"
      }
    ]
  },
  "identifier": {
    "system": "http://hip.in",
    "value": "305fecc2-4ba2-46cc-9ccd-efa755aff51d"
  },
  "type": "document",
  "timestamp": "2020-07-09T15:32:26.605+05:30",
  "entry": [
    {
      "fullUrl": "urn:uuid:14e08ee6-0c41-40c0-b4e7-afa75e85b60a",
      "resource": {
        "resourceType": "Composition",
        "id": "14e08ee6-0c41-40c0-b4e7-afa75e85b60a",
        "meta": {
          "versionId": "1",
          "lastUpdated": "2020-07-09T15:32:26.605+05:30",
          "profile": [
            "https://nrces.in/ndhm/fhir/r4/StructureDefinition/WellnessRecord"
          ]
        },
        "language": "en-IN",
        "identifier": {
          "system": "https://ndhm.in/phr",
          "value": "645bb0c3-ff7e-4123-bef5-3852a4784813"
        },
        "status": "final",
        "type": {
          "text": "Wellness Record"
        },
        "subject": {
          "reference": "urn:uuid:a586883e-0ccd-4a65-9169-2a12be2b4c63",
          "display": "ABC"
        },
        "date": "2020-07-09T15:32:26.605+05:30",
        "author": [
          {
            "reference": "urn:uuid:9fbdb5cb-f89f-473d-9b72-14bd9855e2ae",
            "display": "Dr. DEF"
          }
        ],
        "title": "Wellness Record",
        "custodian": {
          "reference": "urn:uuid:928a6d70-b826-4432-9c9b-686cbfe94520",
          "display": "Organization"
        },
        "section": [
          {
            "title": "Vital Signs",
            "entry": [
              {
                "reference": "urn:uuid:7b580fee-8155-4c5a-8e8b-ea9ca60de662",
                "display": "ObservationBodyMeasurements"
              }
            ]
          },
          {
            "title": "Body Measurement",
            "entry": [
              {
                "reference": "urn:uuid:76ac3343-8e0e-4d91-9102-bda99f62e081",
                "display": "ObservationBodyMeasurements"
              },
              {
                "reference": "urn:uuid:cbf3eca0-ee59-4eb2-8d8b-5966d9ce2a92",
                "display": "ObservationBodyMeasurements"
              },
              {
                "reference": "urn:uuid:e01f6155-c59a-4712-baa9-fd90cf14a2c0",
                "display": "ObservationBodyMeasurements"
              }
            ]
          }
        ]
      }
    },
    {
      "fullUrl": "urn:uuid:9fbdb5cb-f89f-473d-9b72-14bd9855e2ae",
      "resource": {
        "resourceType": "Practitioner",
        "id": "9fbdb5cb-f89f-473d-9b72-14bd9855e2ae",
        "meta": {
          "versionId": "1",
          "lastUpdated": "2020-07-09T15:32:26.605+05:30",
          "profile": [
            "https://nrces.in/ndhm/fhir/r4/StructureDefinition/Practitioner"
          ]
        },
        "identifier": [
          {
            "type": {
              "coding": [
                {
                  "code": "MD",
                  "system": "http://terminology.hl7.org/CodeSystem/v2-0203",
                  "display": "Medical License number"
                }
              ]
            },
            "system": "https://doctor.ndhm.gov.in",
            "value": "21-1521-3828-3227"
          }
        ],
        "name": [
          {
            "text": "Dr. DEF"
          }
        ]
      }
    },
    {
      "fullUrl": "urn:uuid:a586883e-0ccd-4a65-9169-2a12be2b4c63",
      "resource": {
        "resourceType": "Patient",
        "id": "a586883e-0ccd-4a65-9169-2a12be2b4c63",
        "meta": {
          "versionId": "0",
          "lastUpdated": "2024-08-06T12:18:11.063+05:30",
          "profile": [
            "https://nrces.in/ndhm/fhir/r4/StructureDefinition/Patient"
          ]
        },
        "identifier": [
          {
            "type": {
              "coding": [
                {
                  "code": "MR",
                  "system": "http://terminology.hl7.org/CodeSystem/v2-0203",
                  "display": "Medical record number"
                }
              ],
              "text": "Medical record number"
            },
            "system": "urn:health:information:provider:system",
            "value": "Health-Information-Provider-Example-Id"
          },
          {
            "type": {
              "coding": [
                {
                  "code": "ABHAAddress",
                  "system": "https://healthid.abdm.gov.in",
                  "display": "ABHAAddress"
                }
              ],
              "text": "ABHAAddress"
            },
            "system": "urn:health:information:provider:system",
            "value": "johndoe@abdm"
          }
        ],
        "name": [
          {
            "text": "Johndoe ABDM NCG",
            "family": "NCG",
            "given": [
              "Johndoe ABDM"
            ]
          }
        ],
        "telecom": [
          {
            "system": "phone",
            "value": "9898989898"
          }
        ],
        "gender": "male",
        "birthDate": "1999-08-14",
        "address": [
          {
            "type": "both",
            "text": "123, Bangalore Urban, Karnataka, India, Pincode:560103",
            "city": "Bangalore Urban",
            "district": "Bangalore Urban",
            "state": "Karnataka",
            "postalCode": "560103",
            "country": "India"
          }
        ]
      }
    },
    {
      "fullUrl": "urn:uuid:928a6d70-b826-4432-9c9b-686cbfe94520",
      "resource": {
        "resourceType": "Organization",
        "id": "928a6d70-b826-4432-9c9b-686cbfe94520",
        "meta": {
          "versionId": "0",
          "lastUpdated": "2024-08-06T12:18:11.069+05:30",
          "profile": [
            "https://nrces.in/ndhm/fhir/r4/StructureDefinition/Organization"
          ]
        },
        "identifier": [
          {
            "type": {
              "coding": [
                {
                  "code": "PRN",
                  "system": "http://terminology.hl7.org/CodeSystem/v2-0203",
                  "display": "Provider number"
                }
              ],
              "text": "Provider number"
            },
            "system": "https://facility.ndhm.gov.in",
            "value": "[FACILITY-ID-FROM-REGISTRY]"
          }
        ],
        "name": "XYZ Lab Pvt.Ltd.",
        "telecom": [
          {
            "system": "phone",
            "value": "9898989898"
          },
          {
            "system": "email",
            "value": "xyz@facility.org"
          }
        ]
      }
    },
    {
      "fullUrl": "urn:uuid:76ac3343-8e0e-4d91-9102-bda99f62e081",
      "resource": {
        "resourceType": "Observation",
        "id": "76ac3343-8e0e-4d91-9102-bda99f62e081",
        "meta": {
          "profile": [
            "https://nrces.in/ndhm/fhir/r4/StructureDefinition/ObservationBodyMeasurement"
          ]
        },
        "status": "final",
        "category": [
          {
            "coding": [
              {
                "code": "vital-signs",
                "system": "http://terminology.hl7.org/CodeSystem/observation-category",
                "display": "Vital Signs"
              }
            ],
            "text": "Vital Signs"
          }
        ],
        "code": {
          "coding": [
            {
              "code": "8302-2",
              "system": "http://loinc.org",
              "display": "Body height"
            }
          ],
          "text": "Body height"
        },
        "subject": {
          "reference": "urn:uuid:a586883e-0ccd-4a65-9169-2a12be2b4c63",
          "display": "Patient"
        },
        "effectiveDateTime": "2020-09-29",
        "performer": [
          {
            "reference": "urn:uuid:9fbdb5cb-f89f-473d-9b72-14bd9855e2ae",
            "display": "Practitioner"
          }
        ],
        "valueQuantity": {
          "value": 66.89999999999999,
          "code": "[in_i]",
          "system": "http://unitsofmeasure.org",
          "unit": "in"
        }
      }
    },
    {
      "fullUrl": "urn:uuid:cbf3eca0-ee59-4eb2-8d8b-5966d9ce2a92",
      "resource": {
        "resourceType": "Observation",
        "id": "cbf3eca0-ee59-4eb2-8d8b-5966d9ce2a92",
        "meta": {
          "profile": [
            "https://nrces.in/ndhm/fhir/r4/StructureDefinition/ObservationBodyMeasurement"
          ]
        },
        "status": "final",
        "category": [
          {
            "coding": [
              {
                "code": "vital-signs",
                "system": "http://terminology.hl7.org/CodeSystem/observation-category",
                "display": "Vital Signs"
              }
            ]
          }
        ],
        "code": {
          "coding": [
            {
              "code": "29463-7",
              "system": "http://loinc.org",
              "display": "Body weight"
            }
          ]
        },
        "subject": {
          "reference": "urn:uuid:a586883e-0ccd-4a65-9169-2a12be2b4c63",
          "display": "Patient"
        },
        "effectiveDateTime": "2020-09-29",
        "performer": [
          {
            "reference": "urn:uuid:9fbdb5cb-f89f-473d-9b72-14bd9855e2ae",
            "display": "Practitioner"
          }
        ],
        "valueQuantity": {
          "value": 185,
          "code": "[lb_av]",
          "system": "http://unitsofmeasure.org",
          "unit": "lbs"
        }
      }
    },
    {
      "fullUrl": "urn:uuid:e01f6155-c59a-4712-baa9-fd90cf14a2c0",
      "resource": {
        "resourceType": "Observation",
        "id": "e01f6155-c59a-4712-baa9-fd90cf14a2c0",
        "meta": {
          "profile": [
            "https://nrces.in/ndhm/fhir/r4/StructureDefinition/ObservationBodyMeasurement"
          ]
        },
        "status": "final",
        "category": [
          {
            "coding": [
              {
                "code": "vital-signs",
                "system": "http://terminology.hl7.org/CodeSystem/observation-category",
                "display": "Vital Signs"
              }
            ],
            "text": "Vital Signs"
          }
        ],
        "code": {
          "coding": [
            {
              "code": "39156-5",
              "system": "http://loinc.org",
              "display": "Body mass index (BMI) [Ratio]"
            }
          ],
          "text": "BMI"
        },
        "subject": {
          "reference": "urn:uuid:a586883e-0ccd-4a65-9169-2a12be2b4c63",
          "display": "Patient"
        },
        "effectiveDateTime": "2020-09-29",
        "performer": [
          {
            "reference": "urn:uuid:9fbdb5cb-f89f-473d-9b72-14bd9855e2ae",
            "display": "Practitioner"
          }
        ],
        "valueQuantity": {
          "value": 16.2,
          "code": "kg/m2",
          "system": "http://unitsofmeasure.org",
          "unit": "kg/m2"
        }
      }
    },
    {
      "fullUrl": "urn:uuid:7b580fee-8155-4c5a-8e8b-ea9ca60de662",
      "resource": {
        "resourceType": "Observation",
        "id": "7b580fee-8155-4c5a-8e8b-ea9ca60de662",
        "meta": {
          "versionId": "0",
          "lastUpdated": "2024-08-06T12:18:11.063+05:30",
          "profile": [
            "https://nrces.in/ndhm/fhir/r4/StructureDefinition/Observation"
          ]
        },
        "status": "final",
        "category": [
          {
            "coding": [
              {
                "code": "vital-signs",
                "system": "http://terminology.hl7.org/CodeSystem/observation-category",
                "display": "Vital Signs"
              }
            ],
            "text": "Vital Signs"
          }
        ],
        "code": {
          "coding": [
            {
              "code": "882-1",
              "system": "http://loinc.org",
              "display": "ABO and Rh group [Type] in Blood"
            }
          ],
          "text": "ABO and Rh group [Type] in Blood"
        },
        "subject": {
          "reference": "urn:uuid:c4d052b5-2d9f-4ebf-b617-764efffa08de",
          "type": "Patient"
        },
        "valueCodeableConcept": {
          "coding": [
            {
              "code": "365637002",
              "system": "http://snomed.info/sct",
              "display": "Finding of ABO blood group"
            }
          ],
          "text": "A+"
        }
      }
    }
  ]
}
